Tiếng Hàn,Hán tự,Nghĩa tiếng Việt
"가결","可決","Thông qua, Biểu quyết"
"가격","價格","Giá cả"
"가관","可觀","Đáng xem"
"가담","加擔","Tham gia, Dính líu"
"가동","稼動","Vận hành"
"가량","假量","Khoảng, Chừng"
"가령","假令","Giả sử, Ví dụ"
"가로","街路","Đường phố"
"가맹","加盟","Gia nhập"
"가문","家門","Gia môn, Dòng họ"
"가변","可變","Có thể thay đổi"
"가부","可否","Có hay không, Tán thành hay phản đối"
"가산","加算","Cộng thêm"
"가설","假說","Giả thuyết"
"가속","加速","Tăng tốc"
"가압","加壓","Tăng áp"
"가업","家業","Gia nghiệp"
"가요","歌謠","Ca dao, Bài hát"
"가용","可用","Có thể dùng"
"가입","加入","Gia nhập"
"가장","家長","Gia trưởng"
"가전","家電","Đồ điện gia dụng"
"가중","加重","Tăng nặng"
"가창","歌唱","Ca hát"
"가해","加害","Gây hại"
"가혹","苛酷","Khắc nghiệt"
"각국","各國","Các nước"
"각론","各論","Từng luận điểm"
"각별","各別","Đặc biệt"
"각색","各色","Các loại"
"각자","各自","Mỗi người"
"각종","各種","Các loại"
"각지","各地","Các nơi"
"간결","簡潔","Ngắn gọn"
"간과","看過","Bỏ qua"
"간략","簡略","Sơ lược"
"간섭","干涉","Can thiệp"
"간소","簡素","Đơn giản"
"간식","間食","Ăn vặt"
"간이","簡易","Đơn giản"
"간주","看做","Coi như"
"간청","懇請","Khẩn cầu"
"간편","簡便","Tiện lợi"
"갈등","葛藤","Mâu thuẫn, Xung đột"
"감사","感謝","Cảm ơn"
"감소","減少","Giảm"
"감시","監視","Giám sát"
"감염","感染","Lây nhiễm"
"감옥","監獄","Nhà tù"
"감지","感知","Cảm nhận"
"감축","減縮","Cắt giảm"
"강경","強硬","Cứng rắn"
"강권","強權","Quyền lực mạnh"
"강령","綱領","Cương lĩnh"
"강습","講習","Tập huấn"
"강압","強壓","Áp bức"
"강의","講義","Bài giảng"
"강인","強忍","Kiên cường"
"강점","強點","Điểm mạnh"
"강조","強調","Nhấn mạnh"
"강화","強化","Tăng cường"
"개방","開放","Mở cửa"
"개발","開發","Phát triển"
"개정","改正","Sửa đổi"
"개조","改造","Cải tạo"
"개혁","改革","Cải cách"
"거대","巨大","Khổng lồ"
"거래","去來","Giao dịch"
"거부","拒否","Từ chối"
"거점","據點","Căn cứ địa"
"거절","拒絶","Từ chối"
"거짓","虛僞","Giả dối"
"건강","健康","Sức khỏe"
"건국","建國","Lập quốc"
"건설","建設","Xây dựng"
"건의","建議","Kiến nghị"
"건전","健全","Lành mạnh"
"결핍","缺乏","Thiếu hụt"
"결함","缺陷","Khiếm khuyết"
"경계","境界","Ranh giới"
"경기","景氣","Tình hình kinh tế"
"경솔","輕率","Khinh suất"
"경시","輕視","Coi thường"
"경우","境遇","Trường hợp"
"경이","驚異","Kinh ngạc"
"경쟁력","競爭力","Năng lực cạnh tranh"
"경청","傾聽","Lắng nghe"
"경호","警護","Bảo vệ"
"계몽","啓蒙","Khai sáng"
"계산","計算","Tính toán"
"계승","繼承","Kế thừa"
"계층","階層","Tầng lớp"
"고갈","枯渴","Cạn kiệt"
"고귀","高貴","Cao quý"
"고독","孤獨","Cô đơn"
"고려","考慮","Xem xét"
"고발","告發","Tố cáo"
"고백","告白","Thú nhận"
"고생","苦生","Khổ cực"
"고소","告訴","Kiện tụng"
"고통","苦痛","Đau khổ"
"고혈압","高血壓","Cao huyết áp"
"공격","攻擊","Tấn công"
"공경","恭敬","Kính trọng"
"공과","功過","Công và tội"
"공권력","公權力","Quyền lực công"
"공략","攻略","Công lược"
"공모","共謀","Đồng mưu"
"공무원","公務員","Công chức"
"공방","攻防","Công thủ"
"공복","公僕","Công bộc"
"공식","公式","Công thức"
"공약","公約","Cam kết công khai"
"공익","公益","Lợi ích công"
"공작","工作","Công tác"
"공존","共存","Cùng tồn tại"
"공중","公衆","Công chúng"
"공직","公職","Công chức"
"공청회","公聽會","Hội nghị lắng nghe"
"공포","恐怖","Khủng bố, Sợ hãi"
"과감","果敢","Dũng cảm"
"과도","過度","Quá mức"
"과목","科目","Môn học"
"과반","過半","Quá nửa"
"과세","課稅","Đánh thuế"
"과실","過失","Lỗi lầm"
"과잉","過剩","Dư thừa"
"과제","課題","Bài tập, Nhiệm vụ"
"관료","官僚","Quan liêu"
"관습","慣習","Tập quán"
"관용","寬容","Khoan dung"
"관점","觀點","Quan điểm"
"관직","官職","Quan chức"
"관할","管轄","Quản hạt"
"광복","光復","Quang phục, Giải phóng"
"광범","廣範","Rộng rãi"
"광산","鑛山","Mỏ khoáng sản"
"교과","敎科","Môn học"
"교도","敎導","Giáo dưỡng"
"교리","敎理","Giáo lý"
"교사","敎師","Giáo viên"
"교섭","交涉","Đàm phán"
"교양","敎養","Giáo dưỡng"
"교육부","敎育部","Bộ giáo dục"
"교전","交戰","Giao chiến"
"교정","矯正","Chỉnh sửa"
"교훈","敎訓","Bài học"
"구금","拘禁","Giam giữ"
"구류","拘留","Tạm giam"
"구분","區分","Phân chia"
"구속","拘束","Giam giữ, Ràng buộc"
"구원","救援","Cứu viện"
"구제","救濟","Cứu tế"
"구체화","具體化","Cụ thể hóa"
"국경","國境","Biên giới"
"국고","國庫","Ngân khố quốc gia"
"국교","國交","Quan hệ ngoại giao"
"국력","國力","Quốc lực"
"국론","國論","Dư luận quốc gia"
"국보","國寶","Quốc bảo"
"국부","國父","Quốc phụ"
"국산","國産","Hàng nội địa"
"국세","國稅","Thuế quốc gia"
"국왕","國王","Quốc vương"
"국익","國益","Lợi ích quốc gia"
"국정","國政","Quốc chính"
"국채","國債","Trái phiếu chính phủ"
"국토","國土","Quốc thổ"
"군비","軍備","Quân bị"
"군주","君主","Quân chủ"
"군중","群衆","Quần chúng"
"군함","軍艦","Chiến hạm"
"권고","勸告","Khuyến cáo"
"권위","權威","Quyền uy"
"권장","勸獎","Khuyến khích"
"귀국","歸國","Về nước"
"귀환","歸還","Trở về"
"규범","規範","Quy phạm"
"규율","規律","Kỷ luật"
"극복","克服","Khắc phục"
"극심","極甚","Cực kỳ nghiêm trọng"
"극한","極限","Giới hạn cực đại"
"근절","根絶","Tận diệt"
"금융","金融","Tài chính, Ngân hàng"
"금전","金錢","Tiền bạc"
"기각","棄却","Bác bỏ"
"기강","紀綱","Kỷ cương"
"기근","飢饉","Nạn đói"
"기도","祈禱","Cầu nguyện"
"기득권","旣得權","Quyền lợi đã có"
"기만","欺瞞","Lừa dối"
"기반","基盤","Nền tảng"
"기부","寄附","Quyên góp"
"기소","起訴","Khởi tố"
"기아","飢餓","Đói khát"
"기업","企業","Doanh nghiệp"
"기원","起源","Nguồn gốc"
"기인","起因","Nguyên nhân"
"기준","基準","Tiêu chuẩn"
"기증","寄贈","Tặng"
"기지","基地","Căn cứ"
"기피","忌避","Né tránh"
"기행","奇行","Hành động kỳ lạ"
"기획","企劃","Lập kế hoạch"
"긴장","緊張","Căng thẳng"
"길흉","吉凶","Cát hung"
"공공","公共","Công cộng"
"가공","加工","Gia công"
"가구","家具","Gia cụ"
"가능","可能","Khả năng"
"가능성","可能性","Tính khả năng"
"가보","家寶","Gia bảo"
"가수","歌手","Ca sĩ"
"가정","家庭","Gia đình"
"가족","家族","Gia tộc"
"가치","價値","Giá trị"
"가훈","家訓","Gia huấn"
"각도","角度","Góc độ"
"간단","簡單","Đơn giản"
"간부","幹部","Cán bộ"
"간염","肝炎","Viêm gan"
"간접","間接","Gián tiếp"
"간첩","間諜","Gián điệp"
"간호","看護","Giám hộ"
"감각","感覺","Cảm giác"
"감격","感激","Cảm kích"
"감기","感氣","Cảm cúm"
"감동","感動","Cảm động"
"감면","減免","Miễn giảm"
"감속","減速","Giảm tốc độ"
"감정","感情","Tình cảm"
"강국","強國","Cường quốc"
"강도","強度","Cường độ"
"강산","江山","Giang sơn"
"강제","強制","Cưỡng chế"
"개념","概念","Khái niệm"
"개막","開幕","Khai mạc"
"개선","改善","Cải thiện"
"개성","個性","Cá tính"
"개인","個人","Cá nhân"
"개통","開通","Khai thông"
"객관","客觀","Khách quan"
"객실","客室","Phòng khách"
"거주","居住","Cư trú"
"거행","擧行","Cử hành"
"건축","建築","Kiến trúc"
"검도","劍道","Kiếm đạo"
"검사","檢査","Kiểm tra"
"검정","檢定","Kiểm định"
"검토","檢討","Kiểm thảo"
"격려","激勵","Khích lệ"
"견고","堅固","Kiên cố"
"결과","結果","Kết quả"
"결국","結局","Kết cục"
"결단","決斷","Quyết đoán"
"결론","結論","Kết luận"
"결승전","決勝戰","Trận chung kết"
"결연","結緣","Kết nghĩa"
"결정","決定","Quyết định"
"결합","結合","Kết hợp"
"결혼","結婚","Kết hôn"
"겸손","謙遜","Khiêm tốn"
"경각심","警覺心","Sự cảnh giác"
"경고","警告","Cảnh cáo"
"경관","景觀","Cảnh quan"
"경도","經度","Kinh độ"
"경력","經歷","Kinh nghiệm làm việc"
"경보","警報","Cảnh báo"
"경비","經費","Kinh phí"
"경영","經營","Kinh doanh"
"경쟁","競爭","Cạnh tranh"
"경제","經濟","Kinh tế"
"경찰","警察","Cảnh sát"
"경축","慶祝","Kính chúc"
"경향","傾向","Khuynh hướng"
"경험","經驗","Kinh nghiệm"
"계급","階級","Giai cấp"
"계모","繼母","Mẹ ghẻ, Mẹ kế"
"계약","契約","Hợp đồng"
"계획","計劃","Kế hoạch"
"고객","顧客","Khách"
"고급","高級","Cao cấp"
"고난","苦難","Khổ nạn, Khó khăn"
"고대","古代","Cổ đại"
"고도","高度","Độ cao"
"고립","孤立","Cô lập"
"고문","顧問","Cố vấn"
"고속","高速","Cao tốc"
"고의","故意","Cố ý"
"고전","古典","Cổ điển"
"고정","固定","Cố định"
"고향","故鄕","Quê hương"
"곤충","昆蟲","Côn trùng"
"공간","空間","Không gian"
"공감","共感","Thông cảm"
"공개","公開","Công khai"
"공고","公告","Công bố"
"공구","工具","Công cụ"
"공군","空軍","Không quân"
"공급","供給","Cung cấp"
"공기","空氣","Không khí"
"공동","共同","Cộng đồng"
"공로","功勞","Công lao"
"공룡","恐龍","Khủng long"
"공립","公立","Công lập"
"공문서","公文書","Công văn"
"공민","公民","Công dân"
"공병","工兵","Công binh"
"공산당","共産黨","Đảng cộng sản"
"공업","工業","Công nghiệp"
"공연","公演","Công diễn"
"공원","公園","Công viên"
"공인","公認","Công nhận"
"공자","孔子","Khổng Tử"
"공정","公正","Công bằng"
"공주","公主","Công chúa"
"공평","公平","Công bằng"
"공화","共和","Cộng hòa"
"공황","恐慌","Khủng hoảng"
"과거","過去","Quá khứ"
"과부","寡婦","Quả phụ"
"과연","果然","Quả nhiên"
"과장","誇張","Khoa trương"
"과정","過程","Quá trình"
"과학","科學","Khoa học"
"관계","關係","Quan hệ"
"관람","觀覽","Tham quan"
"관련","關聯","Liên quan"
"관리","管理","Quản lý"
"관세","關稅","Thuế quan"
"관심","關心","Quan tâm"
"관중","觀衆","Quần chúng"
"관찰","觀察","Quan sát"
"광경","光景","Quang cảnh"
"광고","廣告","Quảng cáo"
"광물","鑛物","Khoáng sản"
"광장","廣場","Quảng trường"
"교류","交流","Giao lưu"
"교만","驕慢","Kiêu căng"
"교민","僑民","Kiều dân"
"교수","敎授","Giáo sư"
"교육","敎育","Giáo dục"
"교제","交際","Giao thiệp"
"교통","交通","Giao thông"
"교황","敎皇","Giáo hoàng"
"구급","救急","Cấp cứu"
"구역","區域","Khu vực"
"구조","救助","Cứu trợ"
"구체","具體","Cụ thể"
"구호","救護","Cứu hộ"
"구혼","求婚","Cầu hôn"
"국가","國家","Quốc gia"
"국기","國旗","Quốc kỳ"
"국내","國內","Quốc nội"
"국립","國立","Quốc lập"
"국무","國務","Quốc vụ"
"국민","國民","Quốc dân"
"국방","國防","Quốc phòng"
"국어","國語","Quốc ngữ"
"국적","國籍","Quốc tịch"
"국제","國際","Quốc tế"
"국회","國會","Quốc hội"
"군기","軍器","Quân khí"
"군도","群島","Quần đảo"
"군비","軍費","Chi phí quân sự"
"군사","軍事","Quân sự"
"군인","軍人","Quân nhân"
"궁녀","宮女","Cung nữ"
"권력","權力","Quyền lực"
"권리","權利","Quyền"
"권한","權限","Quyền hạn"
"귀빈","貴賓","Quý khách"
"귀순","歸順","Quy thuận"
"귀신","鬼神","Quỷ thần"
"귀인","貴人","Quý nhân"
"귀족","貴族","Quý tộc"
"귀중","貴重","Quý trọng"
"규모","規模","Quy mô"
"규약","規約","Quy ước"
"규정","規定","Quy định"
"규칙","規則","Quy tắc"
"균형","均衡","Quân bằng"
"극단","極端","Cực đoan"
"극대","極大","Cực đại"
"극락","極樂","Cực lạc"
"극복","克服","Khắc phục"
"극본","劇本","Kịch bản"
"극장","劇場","Kịch trường"
"근거","根據","Căn cứ"
"근대","近代","Cận đại"
"근로","勤勞","Lao động"
"근면","勤勉","Cần cù"
"근본","根本","Căn bản"
"근시","近視","Cận thị"
"금강","金剛","Kim cương"
"금성","金星","Kim tinh (Sao Kim)"
"금지","禁止","Cấm"
"급변","急變","Cấp biến"
"급보","急報","Cấp báo"
"급성","急性","Cấp tính"
"급속","急速","Cấp tốc"
"기간","期間","Thời gian"
"기공","起工","Khởi công"
"기관","機關","Cơ quan"
"기관지","氣管支","Khí quản, phế quản"
"기관지염","氣管支炎","Viêm phế quản"
"기념","記念","Kỷ niệm"
"기능","技能","Kỹ năng"
"기대","期待","Chờ đợi"
"기독교","基督敎","Đạo Cơ đốc"
"기록","記錄","Kỷ lục"
"기본","基本","Cơ bản"
"기분","氣分","Tâm trạng"
"기사","技師","Kỹ sư"
"기생","寄生","Ký sinh"
"기숙사","寄宿舍","Ký túc xá"
"기술","技術","Kỹ thuật"
"기억","記憶","Ghi nhớ"
"기자","記者","Ký giả"
"기초","基礎","Cơ sở"
"기한","期限","Kỳ hạn"
"기호","記號","Ký hiệu"
"기회","機會","Cơ hội"
"기후","氣候","Khí hậu"
"긴급","緊急","Khẩn cấp"
"끈기","根氣","Kiên trì"
"나열","羅列","Liệt kê"
"나태","懶怠","Lười biếng"
"낙담","落膽","Thất vọng"
"낙선","落選","Thất cử"
"낙성","落成","Khánh thành"
"낙수","落水","Nước rơi"
"낙심","落心","Nản lòng"
"낙엽","落葉","Lá rụng"
"낙오","落伍","Tụt hậu"
"낙인","烙印","Dấu ấn xấu"
"낙제","落第","Trượt thi"
"낙천","樂天","Lạc thiên"
"낙하","落下","Rơi xuống"
"난관","難關","Khó khăn"
"난국","難局","Tình thế khó"
"난제","難題","Vấn đề khó"
"난항","難航","Khó khăn"
"남발","濫發","Lạm phát"
"남침","南侵","Xâm lược phía nam"
"납부","納付","Nộp tiền"
"납세","納稅","Nộp thuế"
"납입","納入","Nộp vào"
"내각제","內閣制","Chế độ nội các"
"내구","耐久","Bền lâu"
"내력","來歷","Lai lịch"
"내막","內幕","Nội tình"
"내성","耐性","Tính chịu đựng"
"내수","內需","Nhu cầu nội địa"
"내외","內外","Trong ngoài"
"내재","內在","Nội tại"
"내진","耐震","Chống động đất"
"내통","內通","Thông đồng bên trong"
"냉각","冷却","Làm lạnh"
"냉전","冷戰","Chiến tranh lạnh"
"냉혹","冷酷","Lạnh lùng tàn nhẫn"
"노골","露骨","Lộ liễu"
"노동력","勞動力","Sức lao động"
"노선","路線","Đường lối"
"노출","露出","Phơi bày"
"노후","老後","Tuổi già"
"논거","論據","Luận cứ"
"논평","論評","Bình luận"
"농담","弄談","Nói đùa"
"농성","籠城","Cố thủ"
"누적","累積","Tích lũy"
"능가","凌駕","Vượt trội"
"능숙","能熟","Thành thạo"
"다수결","多數決","Đa số quyết định"
"단속","團束","Kiểm soát"
"단절","斷絶","Cắt đứt"
"단호","斷乎","Dứt khoát"
"달성","達成","Đạt được"
"담보","擔保","Thế chấp"
"담합","談合","Thông đồng"
"당국","當局","Đương cục"
"당면","當面","Trước mắt"
"당선","當選","Đắc cử"
"당위","當爲","Điều phải làm"
"대가","代價","Đại giá, Cái giá"
"대결","對決","Đối quyết"
"대공황","大恐慌","Đại khủng hoảng"
"대규모","大規模","Quy mô lớn"
"대기업","大企業","Doanh nghiệp lớn"
"대담","大膽","Táo bạo"
"대도시","大都市","Thành phố lớn"
"대등","對等","Ngang bằng"
"대면","對面","Đối mặt"
"대비","對比","Đối chiếu"
"대안","代案","Phương án thay thế"
"대외","對外","Đối ngoại"
"대의원","代議員","Đại biểu"
"대입","代入","Thay vào"
"대처","對處","Đối phó"
"대통령","大統領","Tổng thống"
"대화","對話","Đối thoại"
"덕목","德目","Đức mục"
"도달","到達","Đến nơi"
"도발","挑發","Khiêu khích"
"도입","導入","Đưa vào"
"도전","挑戰","Thách thức"
"도주","逃走","Bỏ trốn"
"도태","淘汰","Đào thải"
"도피","逃避","Trốn tránh"
"독립운동","獨立運動","Phong trào độc lập"
"독보","獨步","Độc bộ"
"독선","獨善","Độc thiện"
"독자적","獨自的","Độc lập"
"동결","凍結","Đóng băng"
"동반","同伴","Đồng hành"
"동시","同時","Đồng thời"
"동향","動向","Xu hướng"
"두각","頭角","Nổi bật"
"등장","登場","Xuất hiện"
"마감","磨勘","Hạn chót"
"마비","痲痺","Tê liệt"
"마찰","摩擦","Ma sát"
"만기","滿期","Mãn hạn"
"만족","滿足","Thỏa mãn"
"만행","蠻行","Hành động dã man"
"말살","抹殺","Tiêu diệt"
"망명","亡命","Lưu vong"
"망상","妄想","Ảo tưởng"
"망신","亡身","Mất mặt"
"매개","媒介","Trung gian"
"매력","魅力","Sức hút"
"매수","買收","Mua chuộc"
"매출","賣出","Doanh thu"
"매체","媒體","Phương tiện truyền thông"
"면모","面貌","Diện mạo"
"면밀","綿密","Tỉ mỉ"
"면피","免避","Tránh né"
"명분","名分","Danh nghĩa"
"명백","明白","Rõ ràng"
"명분","名分","Danh phận"
"명칭","名稱","Tên gọi"
"명함","名銜","Danh thiếp"
"모략","謀略","Mưu lược"
"모욕","侮辱","Sỉ nhục"
"모집","募集","Tuyển dụng"
"목격자","目擊者","Nhân chứng"
"목도","目睹","Chứng kiến"
"목숨","命","Mạng sống"
"무결","無缺","Hoàn hảo"
"무기력","無氣力","Vô lực"
"무단","無斷","Tự tiện"
"무분별","無分別","Bừa bãi"
"무산","霧散","Tan vỡ"
"무상","無償","Miễn phí"
"무소불위","無所不爲","Vô sở bất vi"
"무위","無爲","Vô vi"
"무장","武裝","Vũ trang"
"무절제","無節制","Vô độ"
"무지","無知","Vô tri"
"문제점","問題點","Vấn đề"
"문화재","文化財","Di sản văn hóa"
"물론","勿論","Dĩ nhiên"
"미결","未決","Chưa giải quyết"
"미래","未來","Tương lai"
"미비","未備","Chưa đầy đủ"
"미숙","未熟","Chưa thành thục"
"미지","未知","Chưa biết"
"민감","敏感","Nhạy cảm"
"민생","民生","Dân sinh"
"민영","民營","Tư nhân"
"민원","民願","Nguyện vọng dân"
"민주화","民主化","Dân chủ hóa"
"밀접","密接","Mật thiết"
"밀집","密集","Tập trung dày đặc"
"낙관","樂觀","Lạc quan"
"낙원","樂園","Thiên đường"
"낙타","駱駝","Lạc đà"
"낙태","落胎","Nạo thai"
"낙후","落後","Lạc hậu"
"난로","暖爐","Lò sưởi"
"난리","亂離","Nạn, Hỗn loạn"
"난민","難民","Nạn dân"
"난시","亂視","Loạn thị"
"난처","難處","Khó xử"
"남극","南極","Nam cực"
"남녀","男女","Nam nữ"
"남방","南方","Phương nam"
"남북","南北","Nam bắc"
"남성","男性","Nam tính"
"남용","濫用","Lạm dụng"
"낭비","浪費","Lãng phí"
"내각","內閣","Nội các"
"내과","內科","Nội khoa"
"내규","內規","Nội quy"
"내란","內亂","Nội chiến"
"내무","內務","Nội vụ"
"내부","內部","Nội bộ"
"내선","內線","Nội tuyến"
"내심","內心","Nội tâm"
"내용","內容","Nội dung"
"내장","內臟","Nội tạng"
"내전","內戰","Nội chiến"
"내정","內情","Nội tình"
"냉","冷","Lạnh"
"냉담","冷淡","Lạnh nhạt, Lạnh lùng"
"냉동","冷凍","Đông lạnh"
"냉동건조","冷凍乾燥","Đông lạnh khô"
"냉동식품","冷凍食品","Thực phẩm đông lạnh"
"냉동어","冷凍魚","Cá đông lạnh"
"냉동창고","冷凍倉庫","Kho đông lạnh"
"냉면","冷麵","Mỳ lạnh"
"냉방","冷房","Phòng lạnh"
"냉수","冷水","Nước lạnh"
"냉수욕","冷水浴","Tắm nước lạnh"
"냉장고","冷藏庫","Tủ lạnh"
"냉장실","冷藏室","Phòng lạnh"
"냉장차","冷藏車","Xe lạnh"
"노동","勞動","Lao động"
"노력","努力","Nỗ lực"
"노련","老鍊","Lão luyện"
"노비","路費","Lộ phí"
"노승","老僧","Lão tăng"
"노예","奴隸","Nô lệ"
"노인","老人","Lão nhân"
"노자","老子","Lão Tử"
"노장","老將","Lão tướng"
"노조","勞組","Công đoàn lao động"
"노천","露天","Lộ thiên"
"노출","露出","Lộ ra"
"노화","老化","Lão hóa"
"녹용","鹿茸","Lộc nhung"
"논란","論難","Tranh luận"
"논리","論理","Lôgic"
"논문","論文","Luận văn"
"논어","論語","Luận ngữ"
"논의","論議","Luận bàn, Bàn bạc"
"논쟁","論爭","Luận tranh"
"농가","農家","Nhà nông"
"농경","農耕","Nông canh"
"농공업","農工業","Nông công nghiệp"
"농기구","農器具","Nông cụ"
"농도","濃度","Nồng độ"
"농림업","農林業","Nông lâm nghiệp"
"농민","農民","Nông dân"
"농산물","農産物","Nông sản"
"농업","農業","Nông nghiệp"
"농장","農場","Nông trường"
"농촌","農村","Nông thôn"
"뇌","腦","Não"
"뇌신경","腦神經","Thần kinh não"
"느낌","感","Cảm giác"
"능동","能動","Năng động"
"능력","能力","Năng lực"
"능율","能率","Năng suất"
"다각","多角","Đa giác"
"다감","多感","Đa cảm"
"다능","多能","Đa năng"
"다르다","異","Khác"
"다면","多面","Đa diện"
"다소","多少","Đa số"
"다스리다","治","Quản lý"
"다양","多樣","Đa dạng"
"다양화","多樣化","Đa dạng hoá"
"다의","多義","Đa nghĩa"
"다재","多才","Đa tài"
"다정","多情","Đa tình"
"단가","單價","Đơn giá"
"단거리","短距離","Cự ly ngắn"
"단검","短劍","Đoản kiếm"
"단결","團結","Đoàn kết"
"단계","段階","Giai đoạn"
"단교","斷交","Đoạn giao"
"단단하다","堅","Cứng"
"단독","單獨","Đơn độc"
"단련","鍛鍊","Luyện"
"단명","短命","Đoản mệnh"
"단성","單性","Đơn tính"
"단순","單純","Đơn thuần"
"단일","單一","Đơn nhất"
"단장","團長","Đoàn trưởng"
"단지","但只","Không chỉ"
"단체","團體","Đoàn thể"
"담","痰","Đờm"
"담당","擔當","Đảm đương"
"담임","擔任","Đảm nhiệm"
"담판","談判","Đàm phán"
"답례","答禮","Đáp lễ"
"답안","答案","Đáp án"
"당","糖","Đường"
"당뇨병","糖尿病","Bệnh đái đường"
"당사자","當事者","Đương sự"
"당연","當然","Đương nhiên"
"당원","黨員","Đảng viên"
"당직","當直","Đương chức"
"당황","唐慌","Bàng hoàng"
"대가족","大家族","Đại gia đình"
"대개","大槪","Đại khái"
"대공","對空","Đối không"
"대군","大軍","Đại quân"
"대기","大氣","Khí quyển"
"대내","對內","Đối nội"
"대뇌","大腦","Đại não"
"대다수","大多數","Đại đa số"
"대대","大隊","Đại đội"
"대로","大路","Đại lộ"
"대륙","大陸","Đại lục"
"대리점","代理店","Điểm đại lý"
"대립","對立","Đối lập"
"대법원","大法院","Đại pháp viện"
"대변","大便","Đại tiện"
"대부분","大部分","Đại bộ phận"
"대사","大使","Đại sứ"
"대사","大事","Đại sự"
"대사관","大使館","Đại sứ quán"
"대성공","大成功","Đại thành công"
"대승","大勝","Đại thắng"
"대양","大洋","Đại Dương"
"대양주","大洋洲","Châu Đại dương"
"대우","待遇","Đối xử"
"대응","對應","Đối ứng"
"대의","大義","Đại nghĩa"
"대인","大人","Đại nhân"
"대장","大將","Đại tướng"
"대장부","大丈夫","Đại trượng phu"
"대전","大戰","Đại chiến"
"대접","待接","Tiếp đãi"
"대조","對照","Đối chiếu"
"대중","大衆","Đại chúng"
"대책","對策","Đối sách"
"대패","大敗","Đại bại"
"대포","大砲","Đại pháo"
"대폭","大幅","Đại phúc"
"대표","代表","Đại biểu"
"대학","大學","Đại học"
"대한","大韓","Đại Hàn"
"대회","大會","Đại hội"
"덕","德","Đức"
"덕행","德行","Đức hạnh"
"도구","道具","Công cụ"
"도덕","道德","Đạo đức"
"도량형","度量衡","Đo lường"
"도리","道理","Đạo lý"
"도산","倒産","Phá sản"
"도시","都市","Đô thị"
"독","毒","Độc"
"독기","毒氣","Khí độc"
"독단","獨斷","Độc đoán"
"독립","獨立","Độc lập"
"독성","毒性","Độc tính"
"독소","毒素","Độc tố"
"독자","讀者","Độc giả"
"독재","獨裁","Độc tài"
"독점","獨占","Độc chiếm"
"독촉","督促","Đốc thúc"
"독해","讀解","Đọc hiểu"
"돌변","突變","Đột biến"
"돌연","突然","Đột nhiên"
"돌파","突破","Đột phá"
"동감","同感","Đồng cảm"
"동기","同期","Cùng kỳ"
"동등","同等","Bình đẳng"
"동료","同僚","Bạn đồng liêu"
"동류","同類","Đồng loại"
"동맥","動脈","Động mạch"
"동맹","同盟","Đồng minh"
"동방","東方","Đông phương"
"동봉","同封","Đóng bao"
"동상이몽","同床異夢","Đồng sàng dị mộng"
"동성","同性","Đồng tính"
"동심","同心","Đồng tâm"
"동요","童謠","Bài đồng dao"
"동원","動員","Động viên"
"동의","同意","Đồng ý"
"동일","同一","Đồng nhất"
"동작","動作","Động tác"
"동정","同情","Thông cảm"
"동족","同族","Đồng tộc"
"동지","同志","Đồng chí"
"동포","同胞","Đồng bào"
"동행","同行","Đồng hành"
"동화","同化","Đồng hoá"
"두부","豆腐","Đậu phụ"
"등기","登記","Đăng ký"
"등록","登錄","Đăng ký"
"마력","魔力","Ma lực"
"마술","魔術","Ma thuật"
"만능","萬能","Vạn năng"
"만물","萬物","Vạn vật"
"만사","萬事","Vạn sự"
"만성","慢性","Mãn tính"
"만세","萬歲","Vạn tuế"
"만점","滿點","Điểm tuyệt đối"
"만혼","晩婚","Kết hôn muộn"
"매복","埋伏","Mai phục"
"매음","賣淫","Mại dâm"
"매장","埋葬","Mai táng"
"매춘","賣春","Mại dâm"
"매혹","魅惑","Mê hoặc"
"매화","梅花","Hoa mai"
"맥","脈","Mạch"
"맹렬","猛烈","Mãnh liệt"
"맹수","猛獸","Mãnh thú"
"맹자","孟子","Mạnh Tử"
"면대","面對","Đối diện"
"면세","免稅","Miễn thuế"
"면역","免疫","Miễn dịch"
"면적","面積","Diện tích"
"면제","免除","Miễn trừ"
"면죄","免罪","Miễn tội"
"면직","免職","Miễn chức"
"멸시","蔑視","Miệt thị"
"명","命","Mệnh"
"명령","命令","Mệnh lệnh"
"명성","名聲","Danh tiếng"
"명예","名譽","Danh dự"
"명확","明確","Minh xác"
"모방","模倣","Mô phỏng"
"모범","模範","Mô phạm"
"모살","謀殺","Mưu sát"
"모순","矛盾","Mâu thuẫn"
"모음","母音","Mẫu âm"
"모함","母艦","Mẫu hạm"
"모험","冒險","Mạo hiểm"
"모형","模型","Mô hình"
"목격","目擊","Mục kích"
"목록","目錄","Mục lục"
"목사","牧師","Mục sư"
"목성","木星","Mộc tinh, Sao mộc"
"목적","目的","Mục đích"
"목차","目次","Mục lục"
"목표","目標","Mục tiêu"
"몽롱","朦朧","Mông lung"
"몽상","夢想","Mộng tưởng"
"몽유병","夢遊病","Bệnh mộng du"
"무","無","Vô"
"무가치","無價値","Vô giá trị"
"무감각","無感覺","Vô cảm giác"
"무고","誣告","Vu cáo"
"무관","無關","Không liên quan"
"무기","武器","Vũ khí"
"무기한","無期限","Không kỳ hạn"
"무대","舞臺","Vũ đài"
"무력","武力","Vũ lực"
"무례","無禮","Vô lễ"
"무명","無名","Vô danh"
"무미","無味","Vô vị"
"무사","無事","Vô sự, Bình an"
"무산","無産","Vô sản"
"무선","無線","Vô tuyến"
"무성","無性","Vô tính"
"무수","無數","Vô số"
"무술","武術","Võ thuật"
"무시","無視","Xem thường"
"무식","無識","Vô học"
"무심","無心","Vô tâm"
"무능","無能","Vô năng"
"무료","無料","Miễn phí"
"무역","貿易","Mậu dịch"
"무용","無用","Vô dụng"
"무적","無敵","Vô địch"
"무정부","無政府","Vô chính phủ"
"무조건","無條件","Vô điều kiện"
"무죄","無罪","Vô tội"
"무책임","無責任","Vô trách nhiệm"
"무한","無限","Vô hạn"
"무효","無效","Vô hiệu"
"문답","問答","Hỏi đáp"
"문명","文明","Văn minh"
"문안","問安","Vấn an, Thăm hỏi"
"문서","文書","Văn thư"
"문예","文藝","Văn nghệ"
"문학","文學","Văn học"
"문화","文化","Văn hoá"
"물가","物價","Giá cả"
"물리","物理","Vật lý"
"물질","物質","Vật chất"
"미각","味覺","Vị giác"
"미관","美觀","Mỹ quan"
"미녀","美女","Mỹ nữ"
"미덕","美德","Mỹ đức"
"미안","未安","Xin lỗi, Áy náy"
"미완성","未完成","Chưa hoàn thành"
"미련","未練","Lưu luyến"
"미술","美術","Mỹ thuật"
"미신","迷信","Mê tín"
"미인","美人","Mỹ nhân"
"미주","美洲","Châu Mỹ"
"미혼","未婚","Chưa kết hôn"
"민간","民間","Dân gian"
"민심","民心","Lòng dân"
"민요","民謠","Dân ca"
"민족","民族","Dân tộc"
"민주","民主","Dân chủ"
"민중","民衆","Dân chúng"
"밀도","密度","Mật độ"
"밀월","蜜月","Trăng mật"
"박명","薄命","Bạc mệnh"
"박람회","博覽會","Hội chợ triển lãm"
"박물관","博物館","Bảo tàng"
"박사","博士","Tiến sĩ"
"박애","博愛","Bác ái"
"박하","薄荷","Bạc hà"
"반격","反擊","Phản kích, Phản công"
"반경","半徑","Bán kính"
"반구","半球","Bán cầu"
"반공","反攻","Phản công"
"반대","反對","Phản đối"
"반동","反動","Phản động"
"반란","叛亂","Phản loạn"
"반박","反駁","Phản bác"
"반복","反復","Lặp lại"
"반도","半島","Bán đảo"
"반사","反射","Phản xạ"
"반성","反省","Kiểm điểm"
"반신반의","半信半疑","Bán tín bán nghi"
"반역","反逆","Phản nghịch"
"반영","反映","Phản ánh"
"반응","反應","Phản ứng"
"반작용","反作用","Phản tác dụng"
"반전","反戰","Phản chiến"
"반항","反抗","Phản kháng"
"발견","發見","Phát kiến, Tìm thấy"
"발동","發動","Phát động"
"발명","發明","Phát minh"
"발생","發生","Phát sinh"
"발언","發言","Phát ngôn"
"발음","發音","Phát âm"
"발전","發展","Phát triển"
"발표","發表","Phát biểu"
"발행","發行","Phát hành"
"발휘","發揮","Phát huy"
"방공","防空","Phòng không"
"방문","訪問","Thăm viếng"
"방법","方法","Phương pháp"
"방사","放射","Phóng xạ"
"방송","放送","Phát thanh, Truyền hình"
"방수","防水","Chống nước"
"방안","方案","Phương án"
"방어","防禦","Phòng ngự"
"방역","防疫","Phòng dịch"
"방위","防衛","Phòng vệ"
"방제","防除","Phòng trừ"
"방지","防止","Ngăn chặn"
"방책","方策","Phương sách"
"방침","方針","Phương châm"
"방해","妨害","Cản trở"
"방향","方向","Phương hướng"
"방화","防火","Phòng hỏa"
"배경","背景","Bối cảnh"
"배급","配給","Cung cấp"
"배려","配慮","Quan tâm"
"배반","背叛","Phản bội"
"배상","賠償","Bồi thường"
"배설","排泄","Bài tiết"
"배송","配送","Giao hàng"
"배신","背信","Phản bội"
"배양","培養","Bồi dưỡng"
"배열","排列","Sắp xếp"
"배우","俳優","Diễn viên"
"배제","排除","Loại bỏ"
"배출","排出","Thải ra"
"배치","配置","Bố trí"
"배합","配合","Phối hợp"
"배외","排外","Bài ngoại"
"배포","配布","Phân bố"
"배후","背後","Phía sau"
"백금","白金","Bạch kim"
"백기","白旗","Cờ trắng"
"백만","百萬","Một triệu"
"백발","白髮","Tóc bạc"
"백분율","百分率","Tỷ lệ phần trăm"
"백색","白色","Màu trắng"
"백성","百姓","Dân chúng"
"백신","白信","Vaccine"
"백옥","白玉","Bạch ngọc"
"백인","白人","Người da trắng"
"백작","伯爵","Bá tước"
"백조","白鳥","Thiên nga"
"백지","白紙","Giấy trắng"
"백발백중","百發百中","Trăm phát trăm trúng"
"백전백승","百戰百勝","Bách chiến bách thắng"
"백합","百合","Hoa loa kèn (Bách hợp)"
"백혈구","白血球","Bạch cầu"
"백혈병","白血病","Bệnh bạch cầu"
"백호","白虎","Bạch hổ"
"백화점","百貨店","Tiệm bách hóa"
"번민","煩悶","Phiền muộn"
"번복","飜覆","Lật ngược"
"번성","繁盛","Phồn thịnh"
"번식","繁殖","Sinh sản"
"번잡","煩雜","Phức tạp, Ồn ào"
"번역","飜譯","Biên dịch, Phiên dịch"
"번영","繁榮","Phồn vinh"
"번창","繁昌","Phồn thịnh"
"번체","繁體","Phồn thể"
"번호","番號","Số hiệu"
"번화","繁華","Phồn hoa"
"번화가","繁華街","Phố xá sầm uất"
"벌목","伐木","Chặt cây"
"벌점","罰點","Điểm phạt"
"벌주","罰酒","Rượu phạt"
"벌채","伐採","Đốn cây"
"벌초","伐草","Phát cỏ"
"벌충","罰充","Bù vào"
"벌형","罰刑","Hình phạt"
"범람","氾濫","Lụt lội"
"범례","凡例","Chú thích"
"범법","犯法","Phạm pháp"
"범부","凡夫","Phàm phu"
"범사","凡事","Mọi việc"
"범선","帆船","Thuyền buồm"
"범위","範圍","Phạm vi, Giới hạn"
"범인","犯人","Phạm nhân"
"범죄","犯罪","Phạm tội"
"법과","法科","Khoa luật"
"법규","法規","Pháp quy"
"법령","法令","Pháp lệnh"
"법률","法律","Pháp luật"
"법무","法務","Pháp vụ"
"법인","法人","Pháp nhân"
"법정","法廷","Pháp đình"
"법제","法制","Pháp chế"
"법학","法學","Luật học"
"변고","變故","Biến cố"
"변동","變動","Biến động"
"변론","辯論","Biện luận"
"변명","辨明","Thanh minh"
"변태","變態","Biến thái"
"변호","辯護","Biện hộ"
"변화","變化","Biến hóa"
"별세","別世","Qua đời"
"병","病","Bệnh"
"병기","兵器","Binh khí"
"병력","兵力","Binh lực"
"병법","兵法","Binh pháp"
"병사","兵士","Binh sĩ"
"병실","病室","Phòng bệnh"
"병원","病院","Bệnh viện"
"병풍","屛風","Bình phong"
"보고","報告","Báo cáo"
"보관","保管","Bảo quản"
"조합","組合","Hiệp hội, Tổ hợp"
"조형","造形","Tạo hình"
"조혼","早婚","Tảo hôn"
"족장","族長","Trưởng tộc"
"존경","尊敬","Tôn kính"
"존망","存亡","Tồn vong"
"존엄","尊嚴","Tôn nghiêm"
"존재","存在","Tồn tại"
"종교","宗敎","Tôn giáo"
"종류","種類","Chủng loại"
"종합","綜合","Tổng hợp"
"주관","主觀","Chủ quan"
"주권","主權","Chủ quyền"
"주기","週期","Chu kỳ"
"주도","主導","Chủ đạo"
"주동","主動","Chủ động"
"주력","主力","Chủ lực"
"주목","注目","Chú ý"
"주민","住民","Cư dân"
"주석","主席","Chủ tịch"
"주요","主要","Chủ yếu"
"주의(主義)","主義","Chủ nghĩa"
"주의(注意)","注意","Chú ý"
"주인","主人","Chủ nhân"
"주임","主任","Chủ nhiệm"
"주장","主張","Chủ trương"
"주제","主題","Chủ đề"
"주체","主體","Chủ thể"
"준비","準備","Chuẩn bị"
"준수","遵守","Tuân thủ"
"중간","中間","Trung gian"
"중국","中國","Trung Quốc"
"중급","中級","Trung cấp"
"중독","中毒","Trúng độc"
"중동","中東","Trung Đông"
"중량","重量","Trọng lượng"
"중력","重力","Trọng lực"
"중립","中立","Trung lập"
"중복","重複","Trùng lặp"
"중심","中心","Trung tâm"
"중앙","中央","Trung ương"
"중재","仲裁","Trọng tài"
"중지","中止","Đình chỉ"
"중화","中華","Trung Hoa"
"즉각","卽刻","Tức khắc"
"즉시","卽時","Ngay tức khắc"
"즉위","卽位","Lên ngôi"
"증가","增加","Tăng"
"증거","證據","Chứng cứ"
"증권","證券","Chứng khoán"
"증명","證明","Chứng minh"
"지능","知能","Trí thông minh"
"지도(地圖)","地圖","Bản đồ"
"지도(指導)","指導","Chỉ đạo"
"지리","地理","Địa lý"
"지방","地方","Địa phương"
"지배","支配","Chi phối"
"지시","指示","Chỉ thị"
"지식","知識","Tri thức"
"지역","地域","Khu vực"
"지옥","地獄","Địa ngục"
"지원(支援)","支援","Chi viện, Giúp đỡ"
"지원(志願)","志願","Tự nguyện, Ứng tuyển"
"지위","地位","Chức vị"
"지정","指定","Chỉ định"
"지지","支持","Ủng hộ"
"지진","地震","Địa chấn"
"지형","地形","Địa hình"
"지휘","指揮","Chỉ huy"
"직권","職權","Chức quyền"
"직무","職務","Nhiệm vụ"
"직원","職員","Nhân viên"
"직접","直接","Trực tiếp"
"직책","職責","Chức trách"
"진군","進軍","Tiến quân"
"진도","進度","Tiến độ"
"진리","眞理","Chân lý"
"참혹","慘酷","Thảm khốc"
"참화","慘禍","Thảm họa"
"창립","創立","Thành lập"
"창조(創造)","創造","Sáng tạo"
"책임","責任","Trách nhiệm"
"처리","處理","Xử lý"
"처벌","處罰","Xử phạt"
"천당","天堂","Thiên đường"
"천명","天命","Thiên mệnh, Mệnh trời"
"천문","天文","Thiên văn"
"천부","天父","Thiên phụ"
"표준","標準","Tiêu chuẩn"
"표현","表現","Biểu hiện"
"품격","品格","Phẩm cách"
"품행","品行","Phẩm hạnh"
"풍경","風景","Phong cảnh"
"풍부","豐富","Phong phú"
"풍속","風俗","Phong tục"
"하류","下流","Hạ lưu"
"하원","下院","Hạ viện"
"학기","學期","Học kỳ"
"학문","學問","Học vấn"
"학비","學費","Học phí"
"학생","學生","Học sinh"
"학습","學習","Học hành"
"학원","學院","Học viện"
"학위","學位","Học vị"
"학자","學者","Học giả"
"한계","限界","Giới hạn"
"한국","韓國","Hàn Quốc"
"한문","漢文","Hán văn"
"합리","合理","Hợp lý"
"합법","合法","Hợp pháp"
"합작","合作","Hợp tác"
"항공","航空","Hàng không"
"항공모함","航空母艦","Hàng không mẫu hạm"
"항목","項目","Hạng mục"
"항생","抗生","Kháng sinh"
"항의","抗議","Kháng nghị"
"항전","抗戰","Kháng chiến"
"항해","航海","Hàng hải"
"해군","海軍","Hải quân"
"해방","解放","Giải phóng"
"해산","解散","Giải tán"
"해양","海洋","Hải dương"
"해임","解任","Bãi chức"
"해적","海賊","Hải tặc"
"해체","解體","Giải thể"
"행군","行軍","Hành quân"
"행동","行動","Hành động"
"행복","幸福","Hạnh phúc"
"행성","行星","Hành tinh"
"행위","行爲","Hành vi"
"행정","行政","Hành chính"
"허락","許諾","Đồng ý, Cho phép"
"허무","虛無","Hư vô"
"헌법","憲法","Hiến pháp"
"헌신","獻身","Hiến thân"
"혁명","革命","Cách mạng"
"현대","現代","Hiện đại"
"현명","賢明","Thông minh"
"현상","現象","Hiện tượng"
"현실","現實","Hiện thực"
"현장","現場","Hiện trường"
"현재","現在","Hiện tại"
"혈관","血管","Huyết quản"
"혈압","血壓","Huyết áp"
"혈통","血統","Huyết thống"
"협동","協同","Hợp tác"
"협력","協力","Hỗ trợ"
"협상","協商","Đàm phán"
"협정","協定","Hiệp định"
"협회","協會","Hiệp hội"
"형법","刑法","Hình phạt"
"형사","刑事","Hình sự"
"형성","形成","Hình thành"
"형식","形式","Hình thức"
"형태","形態","Hình thái"
"혜택","惠澤","Ưu đãi"
"호감","好感","Tình cảm tốt"
"호송","護送","Hộ tống"
"호적","戶籍","Hộ tịch, Hộ khẩu"
"호흡","呼吸","Hô hấp"
"혼란","混亂","Hỗn loạn"
"혼례","婚禮","Hôn lễ"
"혼인","婚姻","Hôn nhân"
"화가","畫家","Họa sĩ"
"화려","華麗","Hoa lệ"
"화력","火力","Hỏa lực"
"화목","和睦","Hòa thuận"
"화물","貨物","Hàng hóa"
"화석","化石","Hóa thạch"
"화재","火災","Hỏa hoạn"
"화평","和平","Hòa bình"
"화폐","貨幣","Tiền tệ"
"화학","化學","Hóa học"
"화합","和合","Hòa hợp"
"화해","和解","Hòa giải"
"확인","確認","Xác nhận"
"환영","歡迎","Hoan nghênh"
"환자","患者","Bệnh nhân"
"활동","活動","Hoạt động"
"활발","活潑","Hoạt bát"
"활용","活用","Ứng dụng"
"황금","黃金","Hoàng kim"
"황실","皇室","Hoàng thất"
"황후","皇后","Hoàng hậu"
"회계","會計","Kế toán"
"회담","會談","Hội đàm"
"회복","回復","Hồi phục, Khôi phục"
"회사","會社","Công ty"
"회원","會員","Hội viên, Thành viên"
"회의","會議","Hội nghị"
"회화","會話","Hội thoại"
"효과","效果","Hiệu quả"
"효도","孝道","Hiếu thảo"
"효율","效率","Hiệu suất"
"후방","後方","Hậu phương"
"후세","後世","Hậu thế"
"후원","後援","Ủng hộ"
"후회","後悔","Hối hận"
"훈련","訓練","Huấn luyện"
"훈장","勳章","Huân chương"
"휴전","休戰","Đình chiến"
"흡수","吸收","Hấp thụ"
"흥망","興亡","Hưng vong"
"흥미","興味","Hứng thú"
"희망","希望","Hy vọng"
"희생","犧牲","Hy sinh"
"사건","事件","Sự kiện"
"사고","事故","Sự cố, Tai nạn"
"사관","士官","Sĩ quan"
"사교","社交","Xã giao"
"사단","師團","Sư đoàn"
"사령","司令","Tư lệnh"
"사립","私立","Tư lập"
"사막","沙漠","Sa mạc"
"사망","死亡","Tử vong"
"사명","使命","Sứ mệnh"
"사범","師範","Sư phạm"
"사법","司法","Tư pháp"
"사병","士兵","Binh sĩ"
"사상","思想","Tư tưởng"
"사신","使臣","Sứ thần"
"사실","事實","Sự thật"
"사용","使用","Sử dụng"
"사임","辭任","Từ chức"
"사장","社長","Giám đốc"
"사직","辭職","Từ chức"
"사치","奢侈","Xa xỉ"
"사태","事態","Tình thái"
"사회","社會","Xã hội"
"산업","産業","Công nghiệp"
"살해","殺害","Sát hại"
"상관","相關","Liên quan"
"상담(相談)","相談","Tư vấn"
"상류","上流","Thượng lưu"
"상무","商務","Thương vụ"
"상벌","賞罰","Thưởng phạt"
"상병","傷兵","Thương binh"
"상상","想像","Tưởng tượng"
"상식","常識","Thường thức"
"상업","商業","Thương nghiệp"
"상원","上院","Thượng viện"
"상인","商人","Thương nhân"
"상징","象徵","Tượng trưng"
"상태","狀態","Trạng thái"
"상호","相互","Tương hỗ"
"상황","狀況","Tình huống"
"생명","生命","Sinh mạng"
"생물","生物","Sinh vật"
"생산","生産","Sản xuất"
"생존","生存","Sinh tồn"
"생태","生態","Sinh thái"
"서류","書類","Tư liệu, Hồ sơ"
"서명","署名","Ký tên"
"석사","碩士","Thạc sĩ"
"석탄","石炭","Than đá"
"선거","選擧","Tuyển cử"
"선고","宣告","Tuyên cáo"
"선교","宣敎","Truyền đạo"
"선녀","仙女","Tiên nữ"
"선동","煽動","Kích động"
"선례","先例","Tiền lệ"
"선박","船舶","Thuyền"
"선배","先輩","Tiền bối"
"선서","宣誓","Tuyên thệ"
"선수","選手","Tuyển thủ"
"선악","善惡","Thiện ác"
"선언","宣言","Tuyên bố"
"선의","善意","Thiện ý"
"설계","設計","Thiết kế"
"설립","設立","Thiết lập"
"성격","性格","Tính cách"
"성경","聖經","Kinh Thánh"
"성공","成功","Thành công"
"성과","成果","Thành quả"
"성능","性能","Tính năng"
"성분","成分","Thành phần"
"성실","誠實","Thành thật"
"성원","成員","Thành viên"
"성인","聖人","Thánh nhân"
"성적","成績","Thành tích"
"성패","成敗","Thành bại"
"세계","世界","Thế giới"
"세균","細菌","Vi khuẩn"
"세금","稅金","Thuế"
"세기","世紀","Thế kỷ"
"세대","世代","Thế hệ"
"세력","勢力","Thế lực"
"세무","稅務","Thuế vụ"
"세상","世上","Thế gian"
"세심","細心","Cẩn thận"
"세율","稅率","Tỷ lệ thuế"
"침수","浸水","Ngập nước"
"침입","侵入","Xâm nhập"
"침착","沈着","Bình tĩnh"
"침해","侵害","Xâm hại"
"쾌락","快樂","Khoái lạc"
"타당","妥當","Hợp lý"
"타도","打倒","Đả đảo"
"타향","他鄕","Tha hương"
"타협","妥協","Thỏa hiệp"
"탄복","歎服","Thán phục"
"탄생","誕生","Ra đời"
"탄압","彈壓","Đàn áp"
"탐험","探險","Thám hiểm"
"태도","態度","Thái độ"
"태만","怠慢","Lười biếng"
"태아","胎兒","Thai nhi"
"태양","太陽","Thái dương"
"태연","泰然","Thản nhiên"
"태자","太子","Thái tử"
"태평","太平","Thái bình"
"태평양","太平洋","Thái Bình Dương"
"토론","討論","Thảo luận"
"토양","土壤","Thổ nhưỡng"
"토인","土人","Thổ dân"
"통계","統計","Thống kê"
"통과","通過","Thông qua"
"통보","通報","Thông báo"
"통상","通常","Thông thường"
"통신","通信","Thông tin, Liên lạc"
"통역","通譯","Thông dịch"
"통일","統一","Thống nhất"
"통제","統制","Khống chế"
"통치","統治","Thống trị"
"통합","統合","Tổng hợp"
"통화","通貨","Tiền tệ"
"퇴위","退位","Thoái vị"
"퇴직","退職","Về hưu"
"투자","投資","Đầu tư"
"투쟁","鬪爭","Đấu tranh"
"투표","投票","Đầu phiếu"
"투항","投降","Đầu hàng"
"특권","特權","Đặc quyền"
"특별","特別","Đặc biệt"
"특산","特産","Đặc sản"
"특성","特性","Đặc tính"
"파견","派遣","Phái đi"
"파괴","破壞","Phá hủy"
"파병","派兵","Phái quân"
"파산","破産","Phá sản"
"판결","判決","Phán quyết"
"판단","判斷","Phán đoán"
"판매","販賣","Bán"
"팔자","八字","Số phận"
"패전","敗戰","Bại trận"
"팽창","膨脹","Phình trướng"
"편견","偏見","Định kiến"
"편안","便安","An bình"
"편집","編輯","Biên tập"
"평가","評價","Đánh giá"
"평균","平均","Bình quân"
"평등","平等","Bình đẳng"
"평론","評論","Bình luận"
"평범","平凡","Bình thường"
"평화","平和","Hòa bình"
"폐막","閉幕","Bế mạc"
"포격","砲擊","Pháo kích"
"포기","抛棄","Từ bỏ"
"포병","砲兵","Pháo binh"
"포함","包含","Bao hàm"
"폭동","暴動","Bạo động"
"폭력","暴力","Bạo lực"
"폭행","暴行","Bạo hành"
"표류","漂流","Phiêu lưu"
"표본","標本","Tiêu bản"
"비밀","秘密","Bí mật"
"비상","非常","Khẩn cấp"
"비서","秘書","Thư ký"
"비용","費用","Chi phí"
"비율","比率","Tỷ lệ"
"비준","批准","Phê chuẩn"
"비참","悲慘","Bi thảm"
"비판","批判","Phê phán"
"비평","批評","Phê bình"
"비행","飛行","Bay"
"빈도","頻度","Tần số"
"최저","最低","Tối thiểu"
"최하","最下","Thấp nhất"
"최혜국","最惠國","Tối huệ quốc"
"추가","追加","Thêm"
"추상","抽象","Trừu tượng"
"추석","秋夕","Trung thu"
"추세","趨勢","Xu thế"
"추억","追憶","Kỷ niệm, Ký ức"
"추진","推進","Xúc tiến"
"추천","推薦","Tiến cử"
"축복","祝福","Chúc phúc"
"축제","祝祭","Lễ hội"
"축하","祝賀","Chúc mừng"
"출가","出家","Xuất gia"
"출국","出國","Xuất cảnh"
"출동","出動","Xuất binh, Xuất quân"
"출두","出頭","Ra trình diện"
"출력","出力","Công suất"
"출발","出發","Xuất phát"
"출세","出世","Thành đạt"
"출신","出身","Xuất thân"
"출입국","出入國","Xuất nhập cảnh"
"출장","出張","Đi công tác"
"출판","出版","Xuất bản"
"출현","出現","Xuất hiện"
"출혈","出血","Xuất huyết"
"충성","忠誠","Trung thành"
"충실","充實","Trung thực, Đầy đủ"
"취득","取得","Thu được"
"취미","趣味","Sở thích"
"취임","就任","Nhậm chức"
"측량","測量","Đo đạc"
"측정","測定","Đo lường"
"치과","齒科","Nha khoa"
"치료","治療","Trị liệu, Điều trị"
"치안","治安","Trị an, An ninh"
"치욕","恥辱","Sỉ nhục"
"친구","親舊","Bạn bè"
"친선","親善","Thân thiện"
"친애","親愛","Thân ái"
"친절","親切","Thân thiện, Ân cần"
"친척","親戚","Thân thích, Họ hàng"
"침략","侵略","Xâm lược"
"침몰","沈沒","Chìm xuống"
"침범","侵犯","Xâm phạm"
"부주의","不注意","Không chú ý"
"부합","符合","Phù hợp"
"부활","復活","Hồi sinh, Phục sinh"
"부흥","復興","Phục hưng"
"북극","北極","Bắc cực"
"북미","北美","Bắc Mỹ"
"북부","北部","Bắc bộ"
"북한","北韓","Bắc Hàn"
"분노","憤怒","Phẫn nộ"
"분류","分類","Phân loại"
"분배","分配","Phân phối"
"분석","分析","Phân tích"
"분자","分子","Phân tử"
"분포","分布","Phân bố"
"불가능","不可能","Bất khả năng"
"불교","佛敎","Phật giáo"
"불법","不法","Bất hợp pháp"
"불변","不變","Bất biến"
"불신","不信","Bất tín, Không tin"
"불안","不安","Bất an"
"불평","不平","Bất bình"
"불평등","不平等","Bất bình đẳng"
"불행","不幸","Bất hạnh"
"불화","不和","Bất hòa"
"불효","不孝","Bất hiếu"
"비결","秘訣","Bí quyết"
"비관","悲觀","Bi quan"
"비극","悲劇","Bi kịch"
"천사","天使","Thiên thần"
"천연","天然","Thiên nhiên, Tự nhiên"
"천재","天才","Thiên tài"
"청각","聽覺","Thính giác"
"청년","靑年","Thanh niên"
"청렴","淸廉","Thanh liêm"
"청소년","靑少年","Thanh thiếu niên"
"청춘","靑春","Thanh xuân"
"체력","體力","Thể lực"
"체육","體育","Thể dục thể thao"
"체제","體制","Thể chế"
"체중","體重","Trọng lượng cơ thể"
"체질","體質","Thể chất"
"초급","初級","Sơ cấp"
"초능력","超能力","Siêu năng lực"
"초인","超人","Siêu nhân"
"초점","焦點","Tâm điểm"
"촉진","促進","Xúc tiến"
"총계","總計","Tổng số"
"총동원","總動員","Tổng động viên"
"총력","總力","Tổng lực"
"총사령관","總司令官","Tổng tư lệnh"
"총선거","總選擧","Tổng tuyển cử"
"총액","總額","Tổng số tiền"
"최고","最高","Tối cao"
"최대","最大","Tối đa"
"최소","最小","Tối thiểu"
"최신","最新","Mới nhất"
"최악","最惡","Tệ nhất"
"최우수","最優秀","Ưu tú nhất"
"보급","普及","Phổ cập"
"보답","報答","Báo đáp"
"보도","報道","Thông báo, Báo"
"보류","保留","Bảo lưu"
"보병","步兵","Bộ binh"
"보상","補償","Bồi thường"
"보석","寶石","Bảo thạch"
"보수","保守","Bảo thủ"
"보안","保安","Bảo an, An ninh"
"보존","保存","Bảo tồn"
"보충","補充","Bổ sung"
"보통","普通","Phổ thông"
"보험","保險","Bảo hiểm"
"보호","保護","Bảo hộ"
"복수","復讐","Phục thù"
"복잡","複雜","Phức tạp"
"복종","服從","Phục tùng"
"복직","復職","Phục chức"
"본능","本能","Bản năng"
"본분","本分","Bổn phận"
"본성","本性","Bản tính"
"본인","本人","Bản thân"
"봉건","封建","Phong kiến"
"부귀","富貴","Phú quý"
"부근","附近","Phụ cận"
"부대","部隊","Bộ đội"
"부동산","不動産","Bất động sản"
"부득이","不得已","Bất đắc dĩ"
"부락","部落","Bộ lạc"
"부분","部分","Bộ phận, Phần"
"부서","部署","Bộ phận"
"부양","扶養","Phụ dưỡng"
"부업","副業","Nghề phụ"
"부인(夫人)","夫人","Phu nhân"
"부인(否認)","否認","Phủ nhận"
"부작용","副作用","Tác dụng phụ"
"부정(不正)","不正","Bất hợp pháp"
"부정(否定)","否定","Phủ định"
"진보","進步","Tiến bộ"
"진심","眞心","Chân tình"
"진압","鎭壓","Trấn áp"
"진전","進展","Tiến triển"
"진취","進取","Tiến thủ"
"진퇴","進退","Tiến thoái"
"진행","進行","Tiến hành"
"진화","進化","Tiến hóa"
"진흥","振興","Chấn hưng"
"집단","集團","Tập thể"
"집중","集中","Tập trung"
"집합","集合","Tập hợp"
"집행","執行","Chấp hành"
"징벌","懲罰","Trừng phạt"
"착륙","着陸","Hạ cánh"
"찬성","贊成","Tán thành"
"찬양","讚揚","Tán dương"
"참가","參加","Tham gia"
"참견","參見","Tham kiến"
"참고","參考","Tham khảo"
"참관","參觀","Tham quan"
"참모","參謀","Tham mưu"
"참사관","參事官","Tham tán"
"참살","慘殺","Sát hại"
"참여","參與","Tham dự"
"참전","參戰","Tham chiến"
"참패","慘敗","Thảm bại"
"소감","所感","Cảm tưởng"
"소견","所見","Ý kiến"
"소망","所望","Hy vọng"
"소방","消防","Cứu hỏa"
"소원","所願","Nguyện vọng"
"소유","所有","Sở hữu"
"소유권","所有權","Quyền sở hữu"
"소재","所在","Sở tại"
"속기","速記","Tốc ký"
"속담","俗談","Tục ngữ"
"속도","速度","Tốc độ"
"속력","速力","Tốc lực"
"손님","客人","Khách"
"손실","損失","Tổn hại"
"손해","損害","Tổn hại"
"수고","受苦","Nỗ lực"
"수공","手工","Thủ công"
"수난","受難","Thụ nạn"
"수납","收納","Thu nạp"
"수녀","修女","Nữ tu"
"수단","手段","Thủ đoạn"
"수도","首都","Thủ đô"
"수동","受動","Thụ động"
"수량","數量","Số lượng"
"수력","水力","Thủy lực"
"수령","首領","Thủ lĩnh"
"수뢰","水雷","Thủy lôi"
"수립","樹立","Thành lập"
"수비","守備","Phòng ngự"
"수산","水産","Thủy sản"
"수상","首相","Thủ tướng"
"수색","搜索","Tìm kiếm"
"수압","水壓","Thủy áp"
"수양","修養","Tu dưỡng"
"수완","手腕","Khả năng"
"수의","獸醫","Thú y"
"수정","受精","Thụ tinh"
"수지","收支","Thu chi"
"수집","蒐集","Sưu tập"
"수출","輸出","Xuất khẩu"
"수출입","輸出入","Xuất nhập khẩu"
"수태","受胎","Thụ thai"
"수하","手下","Thủ hạ"
"수행","隨行","Đồng hành"
"수확","收穫","Thu hoạch"
"숙명","宿命","Số mệnh"
"숙모","叔母","Thúc mẫu"
"순결","純潔","Thuần khiết"
"순환","循環","Tuần hoàn"
"숭배","崇拜","Sùng bái"
"습격","襲擊","Tập kích"
"습성","習性","Tập tính"
"승낙","承諾","Đồng ý"
"승인","承認","Công nhận"
"시각","視覺","Thị giác"
"시간","時間","Thời gian"
"시공","施工","Thi công"
"시대","時代","Thời đại"
"시력","視力","Thị lực"
"시민","市民","Thị dân"
"시비","是非","Thị phi, Đúng sai"
"시설","施設","Trang thiết bị"
"시위","示威","Thị uy"
"시체","屍體","Thi thể"
"시행","施行","Thi hành"
"시험","試驗","Thi cử"
"식량","食糧","Lương thực"
"신경","神經","Thần kinh"
"신기","神奇","Thần kỳ"
"신념","信念","Niềm tin"
"신도","信徒","Tín đồ"
"신문","新聞","Báo chí"
"신방","新房","Tân phòng"
"신병","新兵","Tân binh"
"신비","神秘","Thần bí"
"신세","身世","Thân thế"
"신뢰","信賴","Tin tưởng"
"신체","身體","Thân thể"
"신혼","新婚","Tân hôn"
"신화","神話","Thần thoại"
"실력","實力","Thực lực"
"실례","失禮","Thất lễ"
"실망","失望","Thất vọng"
"실수","失手","Sai lầm"
"실습","實習","Thực tập"
"실시","實施","Thực thi"
"실천","實踐","Thực tiễn"
"실패","失敗","Thất bại"
"실행","實行","Thực hành"
"실현","實現","Thực hiện"
"심리","心理","Tâm lý"
"심리학","心理學","Tâm lý học"
"심문","審問","Thẩm vấn"
"심사","審査","Thẩm tra"
"심장","心臟","Tim, Trái tim"
"심판","審判","Trọng tài, Thẩm phán"
"악감","惡感","Ác cảm"
"악기","樂器","Nhạc cụ"
"악녀","惡女","Ác nữ"
"악독","惡毒","Ác độc"
"악마","惡魔","Ác ma"
"악몽","惡夢","Ác mộng"
"악성","惡性","Ác tính"
"악의","惡意","Ác ý"
"악인","惡人","Ác nhân"
"안거","安居","An cư"
"안녕","安寧","Bình an"
"안심","安心","An tâm"
"안장","安葬","An táng"
"안전","安全","An toàn"
"안정","安定","Ổn định"
"암살","暗殺","Ám sát"
"암시","暗示","Ám chỉ"
"암호","暗號","Mật mã"
"압도","壓倒","Áp đảo"
"압력","壓力","Áp lực"
"압박","壓迫","Áp bức"
"애국","愛國","Ái quốc"
"애호","愛好","Yêu thích"
"액체","液體","Dịch thể"
"야광","夜光","Dạ quang"
"야만","野蠻","Dã man"
"야성","野性","Dã tính"
"야수","野獸","Dã thú"
"야심","野心","Dã tâm"
"야인","野人","Dã nhân"
"야전","野戰","Dã chiến"
"야회","夜會","Dạ hội"
"약도","略圖","Lược đồ, Sơ đồ"
"약사","藥師","Dược sĩ"
"양극","陽極","Dương cực"
"양면","兩面","Hai mặt"
"양민","良民","Lương dân"
"양보","讓步","Nhượng bộ"
"양성","良性","Lương tính"
"양식","糧食","Lương thực"
"양심","良心","Lương tâm"
"양육","養育","Dưỡng dục"
"어감","語感","Ngữ cảm"
"어뢰","魚雷","Ngư lôi"
"어민","漁民","Ngư dân"
"어법","語法","Ngữ pháp"
"어부","漁夫","Ngư phủ"
"언론","言論","Ngôn luận"
"언어","言語","Ngôn ngữ"
"언쟁","言爭","Tranh luận"
"엄격","嚴格","Nghiêm khắc"
"엄금","嚴禁","Nghiêm cấm"
"업무","業務","Nghiệp vụ"
"여객","旅客","Hành khách"
"여론","輿論","Dư luận"
"여비","旅費","Lộ phí"
"여신","女神","Nữ thần"
"여왕","女王","Nữ hoàng"
"여유","餘裕","Dư thừa"
"역경","逆境","Nghịch cảnh"
"역사","歷史","Lịch sử"
"연구","硏究","Nghiên cứu"
"연극","演劇","Kịch"
"연대","年代","Niên đại"
"연락","連絡","Liên lạc"
"연료","燃料","Nhiên liệu"
"연루","連累","Liên lụy"
"연맹","聯盟","Liên minh"
"연방","聯邦","Liên bang"
"연상","聯想","Liên tưởng"
"연속","連續","Liên tục"
"연습","練習","Luyện tập"
"연애","戀愛","Luyến ái"
"연합","聯合","Liên hợp"
"연회","宴會","Yến hội"
"염치","廉恥","Liêm sỉ"
"영감","靈感","Linh cảm"
"영공","領空","Không phận"
"영구","靈柩","Linh cửu"
"영사","領事","Lãnh sự"
"영사관","領事館","Lãnh sự quán"
"영장","令狀","Lệnh bắt"
"영토","領土","Lãnh thổ"
"영해","領海","Lãnh hải"
"영향","影響","Ảnh hưởng"
"영혼","靈魂","Linh hồn"
"예감","豫感","Dự cảm"
"예물","禮物","Lễ vật"
"예방","豫防","Dự phòng"
"예배","禮拜","Làm lễ"
"예보","豫報","Dự báo"
"예비","豫備","Dự bị"
"예상","豫想","Dự tính"
"예외","例外","Ngoại lệ"
"예의","禮儀","Lễ nghĩa"
"오염","汚染","Ô nhiễm"
"온대","溫帶","Ôn đới"
"온화","溫和","Ôn hoà"
"옹호","擁護","Ủng hộ"
"완고","頑固","Ngoan cố"
"외과","外科","Khoa ngoại"
"외관","外觀","Ngoại quan"
"외교","外交","Ngoại giao"
"외래","外來","Ngoại lai"
"외무","外務","Ngoại vụ"
"외무부","外務部","Bộ ngoại vụ"
"외화","外貨","Ngoại hối"
"외환","外換","Ngoại tệ"
"요구","要求","Yêu cầu"
"요란","搖亂","Ầm ĩ"
"요소","要素","Yếu tố"
"용감","勇敢","Dũng cảm"
"용구","用具","Dụng cụ"
"용궁","龍宮","Long cung"
"용기","勇氣","Dũng khí"
"용납","容納","Dung nạp"
"용량","容量","Dung lượng"
"용맹","勇猛","Dũng mãnh"
"용모","容貌","Dung mạo"
"용병","用兵","Dùng binh"
"용왕","龍王","Long vương"
"용품","用品","Đồ dùng"
"우대","優待","Ưu đãi"
"우등","優等","Ưu tú"
"우량","雨量","Lượng mưa"
"우선","優先","Ưu tiên"
"우선권","優先權","Quyền ưu tiên"
"우세","優勢","Ưu thế"
"우수","優秀","Ưu tú"
"우의","友誼","Tình hữu nghị"
"우주","宇宙","Vũ trụ"
"우호","友好","Hữu hảo"
"운","運","Vận, Số"
"운동","運動","Vận động, Thể thao"
"운명","運命","Vận mệnh"
"운행","運行","Vận hành"
"웅변","雄辯","Hùng biện"
"웅장","雄壯","Hùng tráng"
"원동력","原動力","Động lực"
"원래","原來","Vốn là"
"원료","原料","Nguyên liệu"
"원리","原理","Nguyên lý"
"원만","圓滿","Mãn nguyện"
"원문","原文","Nguyên văn"
"원병","援兵","Viện binh"
"원생","原生","Nguyên sinh"
"원소","元素","Nguyên tố"
"원수","元帥","Nguyên soái"
"원시","原始","Nguyên thủy"
"원양","遠洋","Viễn dương"
"원인","原因","Nguyên nhân"
"원자","原子","Nguyên tử"
"원자재","原資材","Nguyên vật liệu"
"원작","原作","Nguyên tác"
"원점","原點","Nguyên điểm"
"원정","遠征","Viễn chinh"
"원조","援助","Viện trợ"
"원칙","原則","Nguyên tắc"
"원한","怨恨","Oán hận"
"위력","威力","Uy lực"
"위로","慰勞","An ủi"
"위반","違反","Vi phạm"
"위생","衛生","Vệ sinh"
"위성","衛星","Vệ tinh"
"위신","威信","Uy tín"
"위원","委員","Ủy viên"
"위원회","委員會","Ủy ban"
"위인","偉人","Vĩ nhân"
"위임","委任","Ủy nhiệm"
"위장","僞裝","Ngụy trang"
"위조","僞造","Làm giả"
"위치","位置","Vị trí"
"위탁","委託","Ủy thác"
"위험","危險","Nguy hiểm"
"위협","威脅","Uy hiếp"
"유교","儒敎","Nho giáo"
"유도","柔道","Judo"
"유물","遺物","Di vật"
"유산","遺産","Di sản"
"유선","有線","Hữu tuyến"
"유역","流域","Lưu vực"
"유익","有益","Hữu ích"
"유적","遺跡","Di tích"
"유전","遺傳","Di truyền"
"유족","遺族","Di tộc"
"유태","猶太","Do thái"
"유통","流通","Lưu thông"
"유학","留學","Du học"
"유한","有限","Hữu hạn"
"유해","遺骸","Di hài"
"유효","有效","Hữu hiệu"
"육군","陸軍","Lục quân"
"은덕","恩德","Ân đức"
"은인","恩人","Ân nhân"
"은행","銀行","Ngân hàng"
"은혜","恩惠","Ân huệ"
"음","音","Âm"
"음극","陰極","Cực âm"
"음력","陰曆","Âm lịch"
"음모","陰謀","Âm mưu"
"음성","音聲","Âm thanh"
"음악","音樂","Âm nhạc"
"음양","陰陽","Âm dương"
"음조","音調","Âm điệu"
"음향","音響","Âm hưởng"
"응급","應急","Cấp cứu"
"응시","應試","Ứng thi"
"응용","應用","Ứng dụng"
"의견","意見","Ý kiến"
"의논","議論","Bàn bạc, Thảo luận"
"의도","意圖","Ý đồ"
"의례","儀禮","Nghi lễ"
"의료","醫療","Y tế"
"의료비","醫療費","Phí y tế"
"의무","義務","Nghĩa vụ"
"의문","疑問","Nghi vấn"
"의미","意味","Ý nghĩa"
"의사","醫師","Bác sĩ"
"의식주","衣食住","Ăn mặc ở"
"의욕","意慾","Ý muốn"
"의원","議員","Nghị viên"
"의정서","議定書","Nghị định thư"
"의지","意志","Ý chí"
"의학","醫學","Y học"
"의회","議會","Quốc hội"
"이기","利己","Ích kỷ"
"이동","移動","Di động"
"이력","履歷","Lý lịch"
"이력서","履歷書","Bản lý lịch"
"이론","理論","Lý luận"
"이민","移民","Di dân"
"이별","離別","Ly biệt"
"이산","離散","Di tản"
"이용","利用","Sử dụng"
"이유","理由","Lý do"
"이윤","利潤","Lợi nhuận"
"이익","利益","Ích lợi"
"이해","理解","Hiểu"
"이행","履行","Thực hành"
"이혼","離婚","Ly hôn"
"인격","人格","Nhân cách"
"인공","人工","Nhân tạo"
"인과","因果","Nhân quả"
"인구","人口","Dân số"
"인권","人權","Nhân quyền"
"인근","隣近","Lân cận"
"인도","人道","Nhân đạo"
"인도적","人道的","Tính nhân đạo"
"인력","人力","Nhân lực"
"인류","人類","Nhân loại"
"인물","人物","Nhân vật"
"인민","人民","Nhân dân"
"인사","人事","Nhân sự"
"인삼","人蔘","Nhân sâm"
"인상","印象","Ấn tượng"
"인생","人生","Nhân sinh"
"인쇄","印刷","In ấn"
"인식","認識","Nhận thức"
"인심","人心","Nhân tâm"
"인어","人魚","Người cá"
"인연","因緣","Nhân duyên"
"인원","人員","Nhân viên"
"인재","人才","Nhân tài"
"인정","認定","Công nhận"
"인조","人造","Nhân tạo"
"인종","人種","Nhân chủng"
"인증","認證","Xác nhận"
"인품","人品","Nhân phẩm"
"인형","人形","Hình người"
"일거일동","一擧一動","Nhất cử nhất động"
"일기","日記","Nhật ký"
"일동","一同","Toàn thể"
"일보","日報","Nhật báo"
"일식","日蝕","Nhật thực"
"일정","日程","Lịch trình"
"임기","任期","Nhiệm kỳ"
"임명","任命","Chỉ định"
"임무","任務","Nhiệm vụ"
"임상","臨床","Lâm sàng"
"임의","任意","Tùy ý"
"임종","臨終","Lâm chung"
"입국","入國","Nhập cảnh"
"입금","入金","Nhập tiền"
"입법","立法","Lập pháp"
"입원","入院","Nhập viện"
"입체","立體","Lập thể"
"입학","入學","Nhập học"
"자각","自覺","Tự giác"
"자격","資格","Tư cách"
"자궁","子宮","Tử cung"
"자극","刺戟","Kích thích"
"자급","自給","Tự cấp"
"자동","自動","Tự động"
"자동화","自動化","Tự động hóa"
"자력","自力","Tự lực"
"자료","資料","Tư liệu"
"자립","自立","Tự lập"
"자만","自慢","Tự mãn"
"자문","諮問","Tư vấn"
"자백","自白","Tự bạch"
"자본","資本","Tư bản"
"자부","自負","Tự phụ"
"자부심","自負心","Tính tự phụ"
"자산","資産","Tài sản"
"자살","自殺","Tự sát"
"자선","慈善","Từ thiện"
"자성","磁性","Từ tính"
"자세","姿勢","Tư thế"
"자수","自首","Tự thú"
"자습","自習","Tự học"
"자신","自信","Tự tin"
"자연","自然","Tự nhiên"
"자원","資源","Tài nguyên"
"자위","自衛","Tự vệ"
"자유","自由","Tự do"
"자유화","自由化","Tự do hóa"
"자음","子音","Phụ âm"
"자제","自制","Tự kiềm chế"
"자존","自尊","Tự tôn"
"자주","自主","Tự chủ"
"자질","資質","Tư chất"
"자찬","自讚","Tự khen"
"자책","自責","Tự trách mình"
"자치","自治","Tự trị"
"자칭","自稱","Tự xưng"
"자화상","自畫像","Tranh tự họa"
"작가","作家","Tác giả"
"작문","作文","Làm văn"
"작용","作用","Tác dụng"
"작전","作戰","Tác chiến"
"작정","作定","Dự định"
"작품","作品","Tác phẩm"
"잡식","雜食","Ăn tạp"
"잡음","雜音","Tạp âm"
"잡종","雜種","Tạp chủng"
"잡지","雜誌","Tạp chí"
"장거리","長距離","Cự ly dài"
"장래","將來","Tương lai"
"장례","葬禮","Tang lễ"
"장로","長老","Trưởng lão"
"장벽","障壁","Bức tường"
"장부","丈夫","Trượng phu"
"장비","裝備","Trang bị"
"장생","長生","Trường sinh"
"장수","長壽","Trường thọ"
"장식","裝飾","Trang trí"
"장점","長點","Ưu điểm"
"장치","裝置","Thiết bị"
"재검토","再檢討","Tái kiểm thảo"
"재교육","再敎育","Tái giáo dục"
"재난","災難","Tai nạn, Tai họa"
"재능","才能","Tài năng"
"재덕","才德","Tài đức"
"재료","材料","Nguyên liệu, Vật liệu"
"재무","財務","Tài chính"
"재물","財物","Tài sản, Vật dụng"
"재발","再發","Tái phát"
"재발급","再發給","Cấp lại"
"재방송","再放送","Phát lại"
"재벌","財閥","Tài phiệt"
"재범","再犯","Tái phạm"
"재산","財産","Tài sản"
"재생","再生","Tái sinh"
"재앙","災殃","Tai nạn"
"재연","再演","Tái diễn"
"재위","在位","Tại vị"
"재임","再任","Tái nhiệm"
"재정","財政","Tài chính"
"재주","才主","Tài năng"
"재직","在職","Tại chức"
"재해","災害","Tai nạn"
"재혼","再婚","Tái hôn"
"저자","著者","Tác giả"
"저작","著作","Chế tác"
"적군","敵軍","Quân địch"
"적극","積極","Tích cực"
"적당","適當","Thích đáng, Hợp lý"
"적발","摘發","Phát hiện"
"적법","適法","Hợp pháp"
"십자가","十字架","Giá chữ thập"
"아이디어","idea","Ý kiến, Ý tưởng"
"아편","阿片","Á phiện"
"악","惡","Ác, Cái ác"
"알맞다","適","Phù hợp"
"얼다","凍","Đông"
"엄하다","嚴","Nghiêm"
"여자","女子","Phụ nữ"
"억지로","强制","Cưỡng bức"
"애쓰다","努力","Nỗ lực"
"쇠다","衰","Kỷ niệm"
"스스로","自","Tự động"
"몽설","夢泄","Mộng tinh"
"몽정","夢精","Mộng tinh"
"베풀다","施","Cưu mang"
"속하다","屬","Thuộc về"
"차","茶","Trà"
"차리다","備","Chuẩn bị"
"시행령","施行令","Lệnh thi hành"
"정","情","Tình, Tình cảm"
"정액","精液","Tinh dịch"
"배달","配達","Phát, Chuyển"
"배우다","學","Học"
"백마","白馬","Bạch mã"
"벽화","壁畫","Bích họa"
"번화가","繁華街","Phố xá sầm uất"
"순","純","Thuần"
"적수","敵手","Địch thủ"
"적응","適應","Thích ứng"
"적절","適切","Phù hợp"
"적중","的中","Trúng đích"
"적합","適合","Thích hợp"
"전개","展開","Triển khai"
"전도","前途","Tiền đồ"
"전람","展覽","Triển lãm"
"전략","戰略","Chiến lược"
"전력","電力","Điện lực"
"전례","前例","Tiền lệ"
"전류","電流","Điện lưu"
"전망","展望","Triển vọng"
"전문","專門","Chuyên môn"
"전보","電報","Điện báo"
"전사","戰士","Chiến sĩ"
"전자","電子","Điện tử"
"전쟁","戰爭","Chiến tranh"
"전적","戰績","Chiến tích"
"전제","前提","Tiền đề"
"전통","傳統","Truyền thống"
"전투","戰鬪","Chiến đấu"
"전패","全敗","Chiến bại"
"전함","戰艦","Chiến hạm"
"전형","典型","Điển hình"
"전화","電話","Điện thoại"
"절대","絶對","Tuyệt đối"
"절약","節約","Tiết kiệm"
"절차","節次","Thủ tục"
"점검","點檢","Kiểm tra"
"점령","占領","Chiếm lĩnh"
"점수","點數","Điểm số"
"점화","點火","Điểm hỏa"
"접견","接見","Tiếp kiến"
"접근","接近","Tiếp cận"
"접전","接戰","Tiếp chiến"
"접촉","接觸","Tiếp xúc"
"정견","政見","Chính kiến"
"정계","政界","Chính giới"
"정권","政權","Chính quyền"
"정규","正規","Chính quy"
"정기","定期","Định kỳ"
"정답","正答","Đáp án đúng"
"정당","正當","Chính đáng"
"정도","程度","Trình độ"
"정돈","整頓","Chỉnh đốn"
"정력","精力","Sinh lực"
"정리","整理","Thanh lý"
"정밀","精密","Tinh mật"
"정보","情報","Thông tin, Tình báo"
"정복","征服","Chinh phục"
"정부","政府","Chính phủ"
"정성","精誠","Thịnh tình"
"정세","情勢","Tình thế"
"정식","正式","Chính thức"
"정신","精神","Tinh thần"
"정욕","情慾","Tình dục"
"정의","正義","Chính nghĩa"
"정전","停戰","Đình chiến"
"정정","訂正","Đính chính"
"정중","鄭重","Trịnh trọng"
"정지","停止","Đình chỉ"
"정직","正直","Chính trực"
"정책","政策","Chính sách"
"정체","政體","Chính thể"
"정치","政治","Chính trị"
"정탐","偵探","Trinh thám"
"정통","精通","Tinh thông"
"제공","提供","Cung cấp"
"제국","帝國","Đế quốc"
"제도","制度","Chế độ"
"제목","題目","Đề mục"
"제안","提案","Đề nghị"
"제어","制御","Chế ngự"
"제자","弟子","Đệ tử"
"제작","製作","Chế tác"
"제한","制限","Hạn chế"
"조건","條件","Điều kiện"
"조국","祖國","Tổ quốc"
"조력","助力","Trợ lực"
"조류","潮流","Trào lưu"
"조립","組立","Lắp ráp"
"조세","租稅","Thuế"
"조수","助手","Trợ thủ"
"조장","組長","Tổ trưởng"
"조직","組織","Tổ chức"
"철학","哲學","Triết học"
"청결","淸潔","Sạch sẽ"
"체계","體系","Hệ thống"
"초월","超越","Siêu việt"
"총리","總理","Thủ tướng"
"최선","最善","Tốt nhất"
"추구","追求","Theo đuổi"
"충돌","衝突","Va chạm, Xung đột"
"취소","取消","Hủy bỏ"
"바람","風","Gió, Mong muốn"
"박수","拍手","Vỗ tay"
"박해","迫害","Bức hại"
"반감","反感","Phản cảm"
"반공","反共","Chống cộng"
"반기","反旗","Cờ phản loạn"
"반납","返納","Trả lại"
"반도체","半導體","Chất bán dẫn"
"반론","反論","Phản luận"
"반목","反目","Bất hòa"
"반문","反問","Phản vấn"
"반민족","反民族","Phản dân tộc"
"반발","反撥","Phản ứng mạnh"
"반성","反省","Kiểm điểm, Phản tỉnh"
"반수","半數","Một nửa"
"반전","反轉","Đảo ngược"
"반증","反證","Phản chứng"
"반칙","反則","Phạm quy"
"반포","頒布","Ban bố"
"발각","發覺","Bị phát hiện"
"발굴","發掘","Khai quật"
"발달","發達","Phát triển"
"발령","發令","Ban lệnh"
"발사","發射","Phóng, Bắn"
"발전","發展","Phát triển"
"발족","發足","Khởi động"
"발진","發疹","Phát ban"
"발효","發效","Có hiệu lực"
"방관","傍觀","Bàng quan"
"방기","放棄","Từ bỏ"
"방법","方法","Phương pháp"
"방비","防備","Phòng bị"
"방어선","防禦線","Phòng tuyến"
"방임","放任","Phóng túng"
"방자","放恣","Phóng túng"
"방조","幇助","Tiếp tay"
"방출","放出","Phóng thích"
"방탄","防彈","Chống đạn"
"방파제","防波堤","Đê chắn sóng"
"방폭","防爆","Chống nổ"
"배격","排擊","Bài xích"
"배분","配分","Phân phối"
"배수","排水","Thoát nước"
"배심","陪審","Bồi thẩm"
"배임","背任","Bội tín"
"배타","排他","Bài ngoại"
"배타성","排他性","Tính bài ngoại"
"배타적","排他的","Mang tính bài ngoại"
"백과","百科","Bách khoa"
"백과사전","百科事典","Từ điển bách khoa"
"백년","百年","Trăm năm"
"백미","白眉","Bạch mi, Xuất sắc nhất"
"백병전","白兵戰","Bạch binh chiến"
"백부","伯父","Bác trai"
"백수","白手","Tay trắng"
"백일","百日","Trăm ngày"
"백전","百戰","Trăm trận"
"번거","煩擧","Phiền phức"
"번뇌","煩惱","Phiền não"
"번성","繁盛","Phồn thịnh"
"벌금","罰金","Tiền phạt"
"벌칙","罰則","Quy định phạt"
"범국민","汎國民","Toàn quốc dân"
"범람","氾濫","Tràn ngập"
"범죄자","犯罪者","Tội phạm"
"법관","法官","Pháp quan"
"법원","法院","Tòa án"
"법적","法的","Pháp lý"
"법치","法治","Pháp trị"
"변경","變更","Thay đổi"
"변절","變節","Biến tiết"
"변천","變遷","Biến thiên"
"변혁","變革","Biến cách"
"보강","補强","Tăng cường"
"보건","保健","Bảo vệ sức khỏe"
"보건부","保健部","Bộ y tế"
"보국","報國","Báo quốc"
"보류","保留","Bảo lưu"
"보완","補完","Bổ sung hoàn thiện"
"보위","保衛","Bảo vệ"
"보전","保全","Bảo toàn"
"보조","補助","Trợ cấp"
"보좌","補佐","Phụ tá"
"보증","保證","Bảo đảm"
"보직","補職","Bổ nhiệm"
"보편","普遍","Phổ biến"
"보편성","普遍性","Tính phổ biến"
"복구","復舊","Phục hồi"
"복권","復權","Phục quyền"
"복무","服務","Phục vụ"
"복병","伏兵","Phục binh"
"복부","腹部","Bụng"
"복선","伏線","Phục tuyến"
"복원","復元","Phục nguyên"
"복지","福祉","Phúc lợi"
"복합","複合","Phức hợp"
"본격","本格","Chính thức"
"본론","本論","Luận điểm chính"
"본말","本末","Gốc ngọn"
"본위","本位","Bản vị"
"본질","本質","Bản chất"
"봉사","奉仕","Phụng sự"
"봉쇄","封鎖","Phong tỏa"
"봉헌","奉獻","Dâng hiến"
"부각","浮刻","Nổi bật"
"부결","否決","Phủ quyết"
"부과","賦課","Áp đặt"
"부국","富國","Phú quốc"
"부담","負擔","Gánh nặng"
"부당","不當","Bất đáng"
"부도","不渡","Phá sản"
"부력","浮力","Lực nổi"
"부모","父母","Cha mẹ"
"부민","富民","Dân giàu"
"부산","釜山","Busan"
"부상","負傷","Bị thương"
"부속","附屬","Phụ thuộc"
"부수","附隨","Kèm theo"
"부실","不實","Không thực chất"
"부여","賦與","Trao cho"
"부재","不在","Vắng mặt"
"부정부패","不正腐敗","Tham nhũng"
"부족","不足","Thiếu hụt"
"부채","負債","Nợ"
"부패","腐敗","Tham nhũng, Thối rữa"
"부하","部下","Cấp dưới"
"분개","憤慨","Phẫn uất"
"분권","分權","Phân quyền"
"분단","分斷","Chia cắt"
"분담","分擔","Phân chia gánh nặng"
"분리","分離","Phân ly"
"분명","分明","Rõ ràng"
"분산","分散","Phân tán"
"분쟁","紛爭","Tranh chấp"
"분파","分派","Phân phái"
"분할","分割","Phân chia"
"불가","不可","Bất khả"
"불가결","不可缺","Không thể thiếu"
"불가침","不可侵","Bất khả xâm phạm"
"불경","不敬","Bất kính"
"불공정","不公正","Bất công"
"불구","不拘","Bất chấp"
"불굴","不屈","Bất khuất"
"불균형","不均衡","Mất cân bằng"
"불만","不滿","Bất mãn"
"불명예","不名譽","Bất danh dự"
"불복","不服","Bất phục"
"불순","不純","Bất thuần"
"불의","不義","Bất nghĩa"
"불이익","不利益","Bất lợi"
"불인정","不認定","Không công nhận"
"불투명","不透明","Không minh bạch"
"비공개","非公開","Không công khai"
"비공식","非公式","Không chính thức"
"비교","比較","So sánh"
"비난","非難","Chỉ trích"
"비례","比例","Tỷ lệ"
"비리","非理","Phi lý, Tham nhũng"
"비무장","非武裝","Phi vũ trang"
"비민주","非民主","Phi dân chủ"
"비방","誹謗","Phỉ báng"
"비상구","非常口","Lối thoát hiểm"
"비상사태","非常事態","Tình trạng khẩn cấp"
"비약","飛躍","Nhảy vọt"
"비위","非違","Vi phạm"
"비인도","非人道","Phi nhân đạo"
"비자","査證","Visa"
"비전","Vision","Tầm nhìn"
"비정규","非正規","Phi chính quy"
"비정상","非正常","Bất thường"
"비중","比重","Tỷ trọng"
"비핵화","非核化","Phi hạt nhân hóa"
"사고방식","思考方式","Cách suy nghĩ"
"사기","士氣","Sĩ khí, Tinh thần"
"사기꾼","詐欺","Kẻ lừa đảo"
"사면","赦免","Ân xá"
"사무","事務","Sự vụ"
"사무소","事務所","Văn phòng"
"사무실","事務室","Phòng làm việc"
"사법부","司法府","Cơ quan tư pháp"
"사생활","私生活","Đời tư"
"사설","社說","Xã luận"
"사수","死守","Tử thủ"
"사안","事案","Vụ việc"
"사유","私有","Tư hữu"
"사유지","私有地","Đất tư nhân"
"사전","事前","Trước khi"
"사전","辭典","Từ điển"
"사절","使節","Sứ tiết"
"사정","事情","Tình hình"
"사조","思潮","Trào lưu tư tưởng"
"사찰","査察","Thanh tra"
"사형","死刑","Tử hình"
"사후","事後","Sau khi"
"삭감","削減","Cắt giảm"
"삭제","削除","Xóa bỏ"
"산물","産物","Sản phẩm"
"산재","散在","Rải rác"
"산하","傘下","Trực thuộc"
"살상","殺傷","Sát thương"
"살육","殺戮","Tàn sát"
"삼권","三權","Tam quyền"
"삼권분립","三權分立","Tam quyền phân lập"
"상고","上告","Kháng cáo"
"상납","上納","Nộp lên trên"
"상당","相當","Tương đương"
"상대","相對","Đối phương"
"상대방","相對方","Bên đối diện"
"상반","相反","Tương phản"
"상부","上部","Cấp trên"
"상소","上訴","Kháng cáo"
"상속","相續","Thừa kế"
"상실","喪失","Mất mát"
"상위","上位","Cấp trên"
"상임","常任","Thường trực"
"상정","上程","Đưa ra thảo luận"
"상충","相衝","Xung đột"
"상하","上下","Trên dưới"
"생계","生計","Sinh kế"
"생략","省略","Lược bỏ"
"생리","生理","Sinh lý"
"생사","生死","Sinh tử"
"생성","生成","Sinh thành"
"생식","生殖","Sinh sản"
"생활","生活","Sinh hoạt"
"서방","西方","Phương tây"
"서열","序列","Thứ bậc"
"서원","書院","Thư viện"
"서적","書籍","Sách vở"
"서한","書翰","Thư tín"
"선결","先決","Tiên quyết"
"선도","先導","Dẫn đầu"
"선발","選拔","Tuyển chọn"
"선봉","先鋒","Tiên phong"
"선진","先進","Tiên tiến"
"선출","選出","Bầu chọn"
"선포","宣布","Tuyên bố"
"선행","善行","Thiện hành"
"설득","說得","Thuyết phục"
"설명","說明","Giải thích"
"설치","設置","Thiết lập"
"섬멸","殲滅","Tiêu diệt"
"성과물","成果物","Sản phẩm thành quả"
"성명","聲明","Tuyên bố"
"성문화","成文化","Thành văn hóa"
"성숙","成熟","Trưởng thành"
"성역","聖域","Thánh địa"
"성장","成長","Tăng trưởng"
"성취","成就","Thành tựu"
"세습","世襲","Thế tập"
"세입","歲入","Thu nhập nhà nước"
"세출","歲出","Chi tiêu nhà nước"
"소각","燒却","Thiêu hủy"
"소득","所得","Thu nhập"
"소멸","消滅","Tiêu diệt"
"소비","消費","Tiêu dùng"
"소송","訴訟","Kiện tụng"
"소수","少數","Thiểu số"
"소외","疏外","Xa cách"
"소통","疏通","Giao tiếp"
"소환","召喚","Triệu hồi"
"속국","屬國","Thuộc quốc"
"속박","束縛","Ràng buộc"
"속성","屬性","Thuộc tính"
"손상","損傷","Tổn thương"
"수감","收監","Giam giữ"
"수권","授權","Ủy quyền"
"수뇌","首腦","Đầu não"
"수락","受諾","Chấp nhận"
"수모","受侮","Bị sỉ nhục"
"수반","首班","Người đứng đầu"
"수복","收復","Thu hồi"
"수사","搜査","Điều tra"
"수습","收拾","Thu xếp"
"수여","授與","Trao tặng"
"수용","受容","Tiếp nhận"
"수위","首位","Vị trí đầu"
"수임","受任","Nhận nhiệm vụ"
"수장","首長","Thủ trưởng"
"수정안","修正案","Dự thảo sửa đổi"
"수직","垂直","Thẳng đứng"
"수탈","收奪","Cướp đoạt"
"수호","守護","Bảo vệ"
"순국","殉國","Tuẫn quốc"
"순교","殉敎","Tuẫn đạo"
"순응","順應","Thuận ứng"
"순종","順從","Thuần phục"
"순직","殉職","Tuẫn chức"
"승계","承繼","Kế thừa"
"승리","勝利","Chiến thắng"
"승복","承服","Chấp nhận"
"승진","昇進","Thăng tiến"
"시국","時局","Thời cuộc"
"시도","試圖","Thử nghiệm"
"시련","試鍊","Thử thách"
"시정","是正","Chỉnh đốn"
"시찰","視察","Thị sát"
"시행착오","試行錯誤","Thử và sai"
"신뢰성","信賴性","Độ tin cậy"
"신속","迅速","Nhanh chóng"
"신임","信任","Tín nhiệm"
"신중","愼重","Thận trọng"
"신청","申請","Đăng ký"
"신탁","信託","Tín thác"
"신흥","新興","Mới nổi"
"실각","失脚","Mất quyền lực"
"실권","實權","Thực quyền"
"실무","實務","Thực vụ"
"실정","失政","Thất chính"
"실증","實證","Thực chứng"
"심각","深刻","Nghiêm trọng"
"심층","深層","Tầng sâu"
"심화","深化","Sâu sắc hơn"
"아량","雅量","Độ lượng"
"아부","阿附","Nịnh hót"
"아성","牙城","Thành trì"
"아집","我執","Cố chấp"
"아첨","阿諂","Nịnh bợ"
"악화","惡化","Xấu đi"
"안보","安保","An ninh"
"안위","安危","An nguy"
"안일","安逸","An nhàn"
"알선","斡旋","Môi giới"
"압수","押收","Tịch thu"
"압제","壓制","Áp chế"
"압축","壓縮","Nén lại"
"애국심","愛國心","Lòng yêu nước"
"애도","哀悼","Ai điếu"
"애민","愛民","Yêu dân"
"애착","愛着","Quyến luyến"
"야당","野黨","Đảng đối lập"
"야망","野望","Tham vọng"
"야욕","野慾","Dã tâm"
"약점","弱點","Điểm yếu"
"약체","弱體","Thể yếu"
"약화","弱化","Suy yếu"
"양극화","兩極化","Phân cực hóa"
"양도","讓渡","Nhượng lại"
"양립","兩立","Cùng tồn tại"
"양분","兩分","Chia đôi"
"양자","兩者","Cả hai"
"양측","兩側","Hai phía"
"어권","漁權","Quyền đánh cá"
"어업","漁業","Ngư nghiệp"
"억압","抑壓","Áp bức"
"억제","抑制","Kiềm chế"
"억측","臆測","Suy đoán"
"언명","言明","Tuyên bố rõ"
"언약","言約","Lời hứa"
"언질","言質","Lời cam kết"
"엄단","嚴斷","Xử lý nghiêm"
"엄벌","嚴罰","Phạt nặng"
"엄수","嚴守","Tuân thủ nghiêm"
"엄중","嚴重","Nghiêm trọng"
"여건","與件","Điều kiện"
"여당","與黨","Đảng cầm quyền"
"여망","輿望","Kỳ vọng dư luận"
"여성","女性","Nữ tính"
"여지","餘地","Dư địa"
"역량","力量","Năng lực"
"역설","逆說","Nghịch lý"
"역전","逆轉","Đảo ngược"
"역할","役割","Vai trò"
"연계","連繫","Liên kết"
"연고","緣故","Duyên cớ"
"연대감","連帶感","Cảm giác đoàn kết"
"연루자","連累者","Người liên lụy"
"연설","演說","Diễn thuyết"
"연임","連任","Tái nhiệm"
"연장","延長","Kéo dài"
"연정","聯政","Liên minh chính trị"
"연좌","連坐","Liên đới"
"연패","連敗","Thua liên tiếp"
"연행","連行","Dẫn giải"
"열강","列强","Liệt cường"
"열기","熱氣","Nhiệt khí"
"열망","熱望","Khao khát"
"열세","劣勢","Thế yếu"
"열의","熱意","Nhiệt tình"
"열정","熱情","Nhiệt huyết"
"열패","劣敗","Thua kém"
"영결","永訣","Vĩnh biệt"
"영광","榮光","Vinh quang"
"영구적","永久的","Vĩnh cửu"
"영도","領導","Lãnh đạo"
"영리","營利","Lợi nhuận"
"영속","永續","Bền vững"
"영수","領袖","Lãnh tụ"
"영역","領域","Lĩnh vực"
"영웅","英雄","Anh hùng"
"영입","迎入","Tiếp nhận"
"영전","榮轉","Thăng chức"
"영주","永住","Định cư"
"영토권","領土權","Chủ quyền lãnh thổ"
"예고","豫告","Báo trước"
"예산","豫算","Ngân sách"
"예속","隸屬","Lệ thuộc"
"예우","禮遇","Đãi ngộ"
"예정","豫定","Dự định"
"예측","豫測","Dự đoán"
"오만","傲慢","Kiêu ngạo"
"오판","誤判","Phán đoán sai"
"오해","誤解","Hiểu lầm"
"온건","穩健","Ôn hòa"
"온전","穩全","Toàn vẹn"
"완강","頑强","Ngoan cường"
"완결","完結","Hoàn kết"
"완성","完成","Hoàn thành"
"완전","完全","Hoàn toàn"
"완화","緩和","Nới lỏng"
"외압","外壓","Áp lực bên ngoài"
"외채","外債","Nợ nước ngoài"
"외침","外侵","Xâm lược từ ngoài"
"요인","要因","Yếu tố"
"요청","要請","Yêu cầu"
"용단","勇斷","Quyết đoán dũng cảm"
"용서","容恕","Tha thứ"
"용인","容認","Chấp nhận"
"우려","憂慮","Lo ngại"
"우방","友邦","Nước bạn"
"우상","偶像","Thần tượng"
"우열","優劣","Hơn kém"
"우위","優位","Ưu thế"
"우파","右派","Cánh hữu"
"운용","運用","Vận dụng"
"운집","雲集","Tụ tập đông"
"원기","元氣","Nguyên khí"
"원망","怨望","Oán trách"
"원상","原狀","Nguyên trạng"
"원수","怨讐","Kẻ thù"
"원심","原審","Phiên tòa sơ thẩm"
"원외","院外","Ngoài nghị viện"
"원유","原油","Dầu thô"
"원전","原典","Nguyên điển"
"원천","源泉","Nguồn gốc"
"원통","冤痛","Oan ức"
"위기","危機","Nguy cơ"
"위독","危篤","Nguy kịch"
"위법","違法","Vi phạm pháp luật"
"위세","威勢","Uy thế"
"위수","衛戍","Đồn trú"
"위압","威壓","Uy áp"
"위증","僞證","Làm chứng giả"
"위헌","違憲","Vi hiến"
"유감","遺憾","Tiếc nuối"
"유고","有故","Có sự cố"
"유권자","有權者","Cử tri"
"유대","紐帶","Mối liên kết"
"유도심문","誘導審問","Thẩm vấn dẫn dắt"
"유력","有力","Có thế lực"
"유보","留保","Bảo lưu"
"유세","遊說","Vận động bầu cử"
"유신","維新","Duy tân"
"유예","猶豫","Hoãn lại"
"유지","維持","Duy trì"
"유착","癒着","Câu kết"
"유화","宥和","Hòa giải"
"은폐","隱蔽","Che giấu"
"은퇴","隱退","Về hưu"
"음모론","陰謀論","Thuyết âm mưu"
"음해","陰害","Hãm hại ngầm"
"응보","應報","Báo ứng"
"응징","應懲","Trừng phạt"
"의결","議決","Nghị quyết"
"의구심","疑懼心","Nghi ngờ lo sợ"
"의기","意氣","Ý khí"
"의석","議席","Ghế nghị viện"
"의심","疑心","Nghi ngờ"
"의안","議案","Dự án nghị quyết"
"의존","依存","Phụ thuộc"
"의혹","疑惑","Nghi vấn"
"이견","異見","Ý kiến khác"
"이권","利權","Lợi quyền"
"이념","理念","Lý niệm"
"이단","異端","Dị đoan"
"이면","裏面","Mặt trái"
"이반","離反","Ly khai"
"이분","二分","Chia đôi"
"이상","理想","Lý tưởng"
"이양","移讓","Chuyển giao"
"이의","異議","Phản đối"
"이적","利敵","Có lợi cho địch"
"이탈","離脫","Tách rời"
"이해관계","利害關係","Quan hệ lợi hại"
"인가","認可","Phê duyệt"
"인계","引繼","Bàn giao"
"인내","忍耐","Nhẫn nại"
"인망","人望","Uy tín"
"인솔","引率","Dẫn dắt"
"인수","引受","Tiếp nhận"
"인신","人身","Thân người"
"인질","人質","Con tin"
"인척","姻戚","Thông gia"
"인허가","認許可","Cấp phép"
"일관","一貫","Nhất quán"
"일괄","一括","Gộp lại"
"일방","一方","Một phía"
"일방적","一方的","Đơn phương"
"일부","一部","Một phần"
"일선","一線","Tuyến đầu"
"일시","一時","Nhất thời"
"일치","一致","Nhất trí"
"일탈","逸脫","Lệch lạc"
"임박","臨迫","Sắp đến"
"임시","臨時","Tạm thời"
"임전","臨戰","Lâm chiến"
"입각","入閣","Vào nội các"
"입장","立場","Lập trường"
"입후보","立候補","Ứng cử"