korean,vietnamese,reading,topic_id,level,example,example_vi
가게,Cửa hàng,gage,shopping,basic,,
가까이,Gần,gakkai,location,basic,,
가끔,Thỉnh thoảng,gakkeum,time,basic,,
가능하다,Có khả năng,ganeunghada,action,basic,,
가다,Đi,gada,action,basic,,
가르치다,"Dạy học, chỉ bảo",gareuchida,action,basic,,
가방,"Túi sách, cặp sách",gabang,shopping,basic,,
가볍다,Nhẹ,gabyeopda,adjective,basic,,
가습기,Dụng cụ tạo hơi ẩm,gaseupgi,housing,basic,,
가위,Cái kéo,gawi,housing,basic,,
가을,Mùa thu,gaeul,time,basic,,
가져가다,"Đem đi, mang đi",gajyeogada,action,basic,,
가족,Gia đình,gajok,family,basic,,
가축,Gia súc,gachuk,family,basic,,
간호사,Y tá,ganhosa,hospital,basic,,
갈아타다,Đổi tàu xe,garatada,transport,basic,,
감기에걸리다,Bị cảm cúm,gamgiegeolrida,hospital,basic,,
갑자기,"Đột ngột, bất thình lình",gapjagi,action,basic,,
강변,Bờ sông,gangbyeon,location,basic,,
강아지,Cún con,gangaji,family,basic,,
강하다,Mạnh,ganghada,adjective,basic,,
거름,Phân bón,georeum,action,basic,,
거울,Cái gương,geoul,housing,basic,,
걱정,Lo lắng,geokjeong,emotion,basic,,
건강보험증,Thẻ bảo hiểm sức khoẻ,geongangboheomjeung,hospital,basic,,
건강하다,Khoẻ mạnh,geonganghada,hospital,basic,,
건너다,Băng qua,geonneoda,action,basic,,
건물,Toà nhà,geonmul,housing,basic,,
걸다,Gọi điện,geolda,action,basic,,
걸레,Giẻ lau,geolre,housing,basic,,
게임,"Game, trò chơi",geim,action,basic,,
겨울,Mùa đông,gyeoul,time,basic,,
견인지역,Khu vực cấm đỗ xe (sẽ bị kéo đi),gyeoninjiyeok,transport,basic,,
경운기,Máy cày,gyeongungi,action,basic,,
경제적이다,Có tính kinh tế,gyeongjejeogida,adjective,basic,,
경치,Phong cảnh,gyeongchi,location,basic,,
계단,Cầu thang,gyedan,housing,basic,,
계란,Quả trứng,gyeran,food,basic,,
계산기,Máy tính,gyesangi,action,basic,,
계산대,Quầy thanh toán,gyesandae,shopping,basic,,
계시다,Có (kính ngữ),gyesida,greeting,basic,,
계절,Mùa,gyejeol,time,basic,,
고구마,Khoai lang,goguma,food,basic,,
고르다,Lựa chọn,goreuda,action,basic,,
고무장화,Ủng cao su,gomujanghwa,action,basic,,
고속버스,Xe buýt tốc hành,gosokbeoseu,transport,basic,,
고장이나다,Hỏng hóc,gojanginada,action,basic,,
고치다,Sửa chữa,gochida,action,basic,,
고향,Quê hương,gohyang,location,basic,,
곡괭이,Cuốc chim,gokgwaengi,action,basic,,
곡식,Ngũ cốc,goksik,food,basic,,
고모,Cô (em/chị gái của bố),gomo,family,basic,,
공구,Công cụ,gonggu,action,basic,,
공기,Bát (đơn vị đếm),gonggi,number,basic,,
공부하다,Học,gongbuhada,action,basic,,
공사를하다,"Xây dựng, thi công",gongsareulhada,action,basic,,
공원,Công viên,gongwon,location,basic,,
공장,Công xưởng,gongjang,workplace,basic,,
공책,Quyển vở,gongchaek,action,basic,,
공항,Sân bay,gonghang,location,basic,,
과속하다,Chạy quá tốc độ,gwasokhada,transport,basic,,
과식하다,Ăn quá nhiều,gwasikhada,food,basic,,
과일,Trái cây,gwail,food,basic,,
과자,"Bánh, mứt, kẹo",gwaja,food,basic,,
과적,Chở quá tải,gwajeok,transport,basic,,
관계자의출입금지,Người không nhiệm vụ cấm vào,gwangyejauichuripgeumji,safety,basic,,
관리자,Người quản lý,gwanrija,workplace,basic,,
교사,Giáo viên,gyosa,workplace,basic,,
교실,Lớp học,gyosil,location,basic,,
교육,Giáo dục,gyoyuk,action,basic,,
교통질서,Trật tự giao thông,gyotongjilseo,transport,basic,,
교통차단,Gián đoạn giao thông,gyotongchadan,transport,basic,,
교통사고,Tai nạn giao thông,gyotongsago,transport,basic,,
교통카드,Thẻ giao thông,gyotongkadeu,transport,basic,,
교환하다,Đổi lại,gyohwanhada,action,basic,,
구경하다,Tham quan,gugyeonghada,action,basic,,
구두굽,Gót giày,gudugup,action,basic,,
구둣주걱,Cái đón gót giày,gudutjugeok,action,basic,,
구름,Mây,gureum,weather,basic,,
구멍,Lỗ,gumeong,action,basic,,
구부리다,"Uốn, gập",guburida,action,basic,,
구석,Góc,guseok,location,basic,,
구역,Khu vực,guyeok,location,basic,,
구인,Tuyển người,guin,workplace,basic,,
구하다,Tìm kiếm,guhada,action,basic,,
굴삭기,Máy xúc,gulsakgi,transport,basic,,
귀덮개,Cái bịt tai (chụp tai),gwideopgae,safety,basic,,
귀마개,Cái bịt tai (nút tai),gwimagae,safety,basic,,
그래서,Vì vậy,geuraeseo,action,basic,,
그러나,Nhưng,geureona,action,basic,,
그러면,"Nếu vậy, vậy thì",geureomyeon,action,basic,,
그럼,"Nếu vậy, vậy thì",geureom,action,basic,,
그렇지만,Nhưng,geureotjiman,action,basic,,
그릇,"Bát, đĩa",geureut,housing,basic,,
그리고,Và,geurigo,action,basic,,
그리다,Vẽ,geurida,action,basic,,
그림,Bức tranh,geurim,action,basic,,
그저께,Hôm kia,geujeokke,time,basic,,
극장,Rạp chiếu phim,geukjang,location,basic,,
근로자,Người lao động,geunroja,workplace,basic,,
근무시간,Thời gian làm việc,geunmusigan,workplace,basic,,
근처에,Gần đây,geuncheoe,location,basic,,
금년,Năm nay,geumnyeon,time,basic,,
금속,Kim loại,geumsok,action,basic,,
금식,Nhịn ăn,geumsik,food,basic,,
금연,Cấm hút thuốc,geumyeon,safety,basic,,
금요일,Thứ 6,geumyoil,time,basic,,
급하다,"Gấp gáp, khẩn cấp",geuphada,emergency,basic,,
기계,Máy móc,gigye,action,basic,,
기다리다,"Đợi, chờ",gidarida,action,basic,,
기대다,"Tựa, dựa vào",gidaeda,action,basic,,
기르다,Nuôi,gireuda,action,basic,,
기분,Tâm trạng,gibun,emotion,basic,,
기숙사,Ký túc xá / Nhà ở công ty,gisuksa,workplace,basic,,
기중기,Cần cẩu,gijunggi,transport,basic,,
기차,Tàu hoả,gicha,transport,basic,,
기차표,Vé tàu,gichapyo,transport,basic,,
기침을하다,Ho,gichimeulhada,hospital,basic,,
길다,Dài,gilda,adjective,basic,,
길이,Chiều dài,giri,number,basic,,
깊다,Sâu,gipda,adjective,basic,,
깨끗하다,Sạch sẽ,kkaekkeuthada,adjective,basic,,
깨지다,Bị vỡ,kkaejida,action,basic,,
꺼내다,"Lấy ra, rút ra",kkeonaeda,action,basic,,
꽂다,Cắm,kkotda,action,basic,,
끄다,Tắt,kkeuda,action,basic,,
끼다,Đeo,kkida,action,basic,,
끼이다,"Mắc, dính, kẹt",kkiida,action,basic,,
나가다,Đi ra ngoài,nagada,action,basic,,
나무,Cây,namu,action,basic,,
나쁘다,Xấu,nappeuda,adjective,basic,,
나사,Đinh vít,nasa,action,basic,,
나타내다,"Biểu đạt, thể hiện",natanaeda,action,basic,,
낙하물경고,Chú ý vật rơi,nakhamulgyeonggo,safety,basic,,
낚시,Câu cá,naksi,sports,basic,,
난로,Lò sưởi,nanro,housing,basic,,
난방기,Thiết bị sưởi,nanbanggi,housing,basic,,
날씨,Thời tiết,nalssi,weather,basic,,
날짜,Ngày tháng,naljja,time,basic,,
남기다,Để lại,namgida,action,basic,,
남동생,Em trai,namdongsaeng,family,basic,,
남자,"Con trai, đàn ông",namja,family,basic,,
남자친구,Bạn trai,namjachingu,family,basic,,
낮다,Thấp,natda,adjective,basic,,
내과,Nội khoa,naegwa,hospital,basic,,
내년,"Năm sau, sang năm",naenyeon,time,basic,,
내용,Nội dung,naeyong,action,basic,,
내일,Ngày mai,naeil,time,basic,,
냄비,"Xoong, nồi",naembi,housing,basic,,
냉면,Mỳ lạnh,naengmyeon,food,basic,,
냉장고,Tủ lạnh,naengjanggo,housing,basic,,
너무,"Quá, rất",neomu,action,basic,,
넓다,Rộng,neolda,adjective,basic,,
넣다,Đưa vào trong,neotda,action,basic,,
넥타이,Cà vạt,nektai,action,basic,,
노래를부르다,Hát,noraereulbureuda,action,basic,,
노트북컴퓨터,Máy tính xách tay,noteubukkeompyuteo,workplace,basic,,
놀다,Chơi,nolda,action,basic,,
놀러가다,Đi chơi,nolreogada,action,basic,,
높다,Cao,nopda,adjective,basic,,
높이,Chiều cao,nopi,number,basic,,
놓다,"Để lên, đặt lên",notda,action,basic,,
누구,Ai,nugu,action,basic,,
누나,Chị gái (em trai gọi),nuna,family,basic,,
누르다,"Ấn, nhấn",nureuda,action,basic,,
눕다,Nằm xuống,nupda,action,basic,,
늙다,Già,neukda,adjective,basic,,
늦다,Muộn,neutda,time,basic,,
니퍼,Kìm cắt,nipeo,action,basic,,
다니다,"Đi làm, đi lại",danida,workplace,basic,,
다리,Chân,dari,body,basic,,
다리미,Bàn là,darimi,housing,basic,,
다치다,Bị thương,dachida,hospital,basic,,
다행,May mắn,dahaeng,emotion,basic,,
닦다,"Đánh, rửa",dakda,action,basic,,
단속하다,"Điều khiển, kiểm soát",dansokhada,action,basic,,
닫다,Đóng,datda,action,basic,,
달다,Ngọt,dalda,adjective,basic,,
달력,Tờ lịch,dalryeok,time,basic,,
달리기하다,Chạy,dalrigihada,sports,basic,,
담당자,Người phụ trách,damdangja,workplace,basic,,
담배,Thuốc lá,dambae,action,basic,,
당기다,Kéo,danggida,action,basic,,
대중교통,Giao thông công cộng,daejunggyotong,transport,basic,,
대피소,Nơi ẩn náu,daepiso,safety,basic,,
대피하다,"Ẩn náu, lánh nạn",daepihada,safety,basic,,
더럽다,Bẩn,deoreopda,adjective,basic,,
덥다,Nóng,deopda,weather,basic,,
데려가다,"Dẫn đi, đưa đi",deryeogada,action,basic,,
도마,Cái thớt,doma,housing,basic,,
도서관,Thư viện,doseogwan,location,basic,,
도서실,Phòng đọc thư viện,doseosil,location,basic,,
도장,Con dấu,dojang,action,basic,,
도착하다,Đến nơi,dochakhada,action,basic,,
독,Chất cực độc,dok,safety,basic,,
독극물경고,Cảnh báo có chất độc,dokgeungmulgyeonggo,safety,basic,,
돈을찾다,Rút tiền,doneulchatda,shopping,basic,,
돌아가시다,Qua đời (kính ngữ),doragasida,greeting,basic,,
동료,Đồng nghiệp,dongryo,workplace,basic,,
동안,Trong vòng,dongan,time,basic,,
동전,Tiền xu,dongjeon,shopping,basic,,
돼지,"Con lợn, con heo",dwaeji,family,basic,,
돼지우리,Chuồng lợn,dwaejiuri,housing,basic,,
두번째,Lần thứ 2,dubeonjjae,number,basic,,
두껍다,Dày,dukkeopda,adjective,basic,,
드라이클리닝,Giặt khô,deuraikeulrining,action,basic,,
드라이클리닝하다,Giặt khô,deuraikeulriningada,action,basic,,
듣다,Nghe,deutda,action,basic,,
들다,"Cầm, xách",deulda,action,basic,,
들어오다/들어가다,"Đi vào, đi ra",deureooda,action,basic,,
등산하다,Leo núi,deungsanhada,sports,basic,,
딸기,Dâu tây,ttalgi,food,basic,,
땅을파다,Đào đất,ttangeulpada,action,basic,,
때문에,"Vì, bởi vì",ttaemune,action,basic,,
떠나다,Rời đi,tteonada,action,basic,,
떠들다,Làm ồn ào,tteodeulda,action,basic,,
떨어지다,Rơi,tteoreojida,action,basic,,
똑바로,"Thẳng, ngay thẳng",ttokbaro,action,basic,,
똥,"Phân, cứt",ttong,body,basic,,
뚫다,"Đâm xuyên, khoan",ttulda,action,basic,,
뜨겁다,"Nóng (đồ ăn, máy móc)",tteugeopda,adjective,basic,,
라디오,Đài radio,radio,housing,basic,,
라면,Mỳ tôm,ramyeon,food,basic,,
마리,Con (đơn vị đếm động vật),mari,number,basic,,
마스크,Khẩu trang,maseukeu,safety,basic,,
마시다,Uống,masida,food,basic,,
막히다,"Tắc, nghẽn",makhida,action,basic,,
만들다,"Làm ra, tạo ra",mandeulda,action,basic,,
만지다,"Sờ, chạm",manjida,action,basic,,
많다,Nhiều,manta,adjective,basic,,
맑다,Nắng / Quang đãng,makda,weather,basic,,
망치,Cái búa,mangchi,action,basic,,
맞다,Đúng,matda,adjective,basic,,
맞은편/건너편,Đối diện,majeunpyeon,direction,basic,,
맡기다,"Giao, ký gửi",matgida,action,basic,,
매다,"Buộc, thắt",maeda,action,basic,,
매달/매월,Hàng tháng,maedal,time,basic,,
매달린물체경고,Chú ý có vật treo ở trên,maedalrinmulchegyeonggo,safety,basic,,
매표소,Nơi bán vé,maepyoso,location,basic,,
맥주,Bia,maekju,food,basic,,
맨손,Tay không,maenson,body,basic,,
맵다,Cay,maepda,food,basic,,
머리,Đầu,meori,body,basic,,
머리를감다,Gội đầu,meorireulgamda,body,basic,,
먹다,Ăn,meokda,food,basic,,
먹이,Thức ăn (cho động vật),meogi,food,basic,,
먼지,Bụi,meonji,action,basic,,
먼지떨이,Chổi quét bụi,meonjitteori,housing,basic,,
멈추다,"Dừng, ngừng, tạnh",meomchuda,action,basic,,
메모,Tin nhắn,memo,action,basic,,
명랑하다,"Vui vẻ, tươi cười",myeongranghada,emotion,basic,,
명절,Ngày lễ truyền thống,myeongjeol,culture,basic,,
명함,Danh thiếp,myeongham,workplace,basic,,
모두,Tất cả,modu,action,basic,,
모래,Hạt cát,morae,action,basic,,
모레,Ngày kia,more,time,basic,,
모드,Chế độ,modeu,action,basic,,
모자,Mũ,moja,action,basic,,
목소리,Giọng nói,moksori,body,basic,,
목요일,Thứ 5,mogyoil,time,basic,,
목욕하다,Tắm,mogyokhada,action,basic,,
무겁다,Nặng,mugeopda,adjective,basic,,
무게,Trọng lượng,muge,number,basic,,
무료,Miễn phí,muryo,adjective,basic,,
묵다,"Lưu lại, trọ lại",mukda,action,basic,,
문지르다,"Cọ, chà",munjireuda,action,basic,,
물건,Hàng hoá,mulgeon,shopping,basic,,
물기,Nước,mulgi,action,basic,,
물어보다,Hỏi,mureoboda,action,basic,,
물질,Vật chất,muljil,action,basic,,
물체,Vật thể,mulche,action,basic,,
물체이동,Di chuyển vật thể,mulcheidong,action,basic,,
미끄럽다,Trơn,mikkeureopda,adjective,basic,,
미술관,Bảo tàng mỹ thuật,misulgwan,location,basic,,
미용사,Thợ cắt tóc,miyongsa,workplace,basic,,
미터,Mét,miteo,number,basic,,
바가지,Cái gáo,bagaji,housing,basic,,
바구니,Cái rổ,baguni,housing,basic,,
바꾸다,"Đổi, chuyển",bakkuda,action,basic,,
바다,Biển,bada,location,basic,,
바닥,"Nền, mặt sàn",badak,housing,basic,,
바람이불다,Gió thổi,baramibulda,weather,basic,,
바르다,"Đúng, ngay thẳng",bareuda,adjective,basic,,
박물관,Viện bảo tàng,bangmulgwan,location,basic,,
반갑다,Vui mừng (khi gặp),bangapda,emotion,basic,,
반찬,Đồ ăn kèm,banchan,food,basic,,
받다,Nhận,batda,action,basic,,
발화성물질,Vật dễ cháy,balhwaseongmuljil,safety,basic,,
밝다,Sáng sủa,bakda,adjective,basic,,
방금,Vừa nãy,banggeum,time,basic,,
방독면,Mặt nạ chống độc,bangdongmyeon,safety,basic,,
방면,Phương hướng,bangmyeon,direction,basic,,
방열면,Mặt nạ chống nhiệt,bangyeolmyeon,safety,basic,,
방향,Phương hướng,banghyang,direction,basic,,
배,"Thuyền, quả lê, bụng",bae,transport,basic,,
배고프다,Đói,baegopeuda,food,basic,,
배달하다,Giao hàng,baedalhada,action,basic,,
배설물,"Chất thải, phân",baeseolmul,body,basic,,
배우다,Học,baeuda,action,basic,,
버리다,Vứt bỏ,beorida,action,basic,,
버스정류장,Bến xe buýt,beoseujeongryujang,transport,basic,,
벌레,Côn trùng,beolre,action,basic,,
벌써,Đã,beolsseo,time,basic,,
벗다,"Cởi, tháo",beotda,action,basic,,
베개,Cái gối,begae,housing,basic,,
벤치,Cái ghế dài,benchi,housing,basic,,
별로,Không lắm,byeolro,action,basic,,
병균,"Vi rút, vi khuẩn",byeonggyun,hospital,basic,,
병원,Bệnh viện,byeongwon,hospital,basic,,
보관소,Nơi bảo quản,bogwanso,location,basic,,
보관함,Tủ bảo quản,bogwanham,housing,basic,,
보내다,Gửi,bonaeda,action,basic,,
보다,"Xem, nhìn",boda,action,basic,,
보안경,Kính bảo hộ,boangyeong,safety,basic,,
보여주다,Cho xem,boyeojuda,action,basic,,
보증금,Tiền đặt cọc,bojeunggeum,shopping,basic,,
보통,Bình thường,botong,adjective,basic,,
보행,Đi bộ,bohaeng,action,basic,,
보호구,Dụng cụ bảo hộ,bohogu,safety,basic,,
보호하다,Bảo hộ,bohohada,safety,basic,,
복사기,Máy phô tô copy,boksagi,workplace,basic,,
복잡하다,Phức tạp,bokjaphada,adjective,basic,,
볼펜,Bút bi,bolpen,action,basic,,
봉투,"Phong bì, túi",bongtu,action,basic,,
부동산,Bất động sản,budongsan,housing,basic,,
부럽다,Ghen tỵ,bureopda,emotion,basic,,
부모님,Bố mẹ,bumonim,family,basic,,
부엌,Bếp,bueok,housing,basic,,
부치다,Gửi (đồ),buchida,action,basic,,
부탁하다,Nhờ vả,butakhada,action,basic,,
부품,"Phụ phẩm, linh kiện",bupum,action,basic,,
분무기,Bình bơm nước (bình thuốc sâu),bunmugi,action,basic,,
분실물센터,Nơi tìm vật thất lạc,bunsilmulsenteo,location,basic,,
분해하다,Tháo ra,bunhaehada,action,basic,,
불고기,Thịt bò xào,bulgogi,food,basic,,
불다,Thổi,bulda,action,basic,,
불도저,Xe ủi,buldojeo,transport,basic,,
불편하다,"Bất tiện, khó chịu",bulpyeonhada,adjective,basic,,
붓다,Đổ vào,butda,action,basic,,
붙이다,Dán,butida,action,basic,,
비가오다,Mưa,bigaoda,weather,basic,,
비누,Xà bông,binu,housing,basic,,
비닐봉투,Túi nilon,binilbongtu,shopping,basic,,
비료,Phân bón,biryo,action,basic,,
비빔밥,Cơm trộn,bibimbap,food,basic,,
비상구,Lối thoát hiểm,bisanggu,safety,basic,,
비슷하다,"Giống nhau, tương tự",biseuthada,adjective,basic,,
비싸다,Đắt,bissada,adjective,basic,,
비자,Visa,bija,law,basic,,
비행기,Máy bay,bihaenggi,transport,basic,,
빌려주다,"Cho vay, cho mượn",bilryeojuda,action,basic,,
빌리다,"Vay, mượn",bilrida,action,basic,,
빗다,Chải (đầu),bitda,body,basic,,
빗자루,Cái chổi,bitjaru,housing,basic,,
빛,Ánh sáng,bit,weather,basic,,
사거리,Ngã tư,sageori,location,basic,,
사고,"Tai nạn, sự cố",sago,emergency,basic,,
사과,Quả táo,sagwa,food,basic,,
사다,Mua,sada,shopping,basic,,
사다리,Cái thang,sadari,action,basic,,
사람,Người,saram,action,basic,,
사료,Thức ăn cho vật nuôi,saryo,food,basic,,
사무실,Văn phòng,samusil,workplace,basic,,
사원증,Thẻ nhân viên,sawonjeung,workplace,basic,,
사장실,Phòng giám đốc,sajangsil,workplace,basic,,
사진,Tấm ảnh,sajin,action,basic,,
사진찍다,Chụp ảnh,sajinjjikda,action,basic,,
사항,"Điều, hạng mục",sahang,action,basic,,
살다,Sống,salda,action,basic,,
삶다,Luộc,samda,action,basic,,
상자,Cái hộp,sangja,action,basic,,
새벽,Rạng sáng,saebyeok,time,basic,,
색깔,Màu sắc,saekkkal,adjective,basic,,
샌드위치,Bánh mì sandwich,saendeuwichi,food,basic,,
생각하다,Suy nghĩ,saenggakhada,action,basic,,
생명,"Sinh mệnh, cuộc sống",saengmyeong,action,basic,,
생산지,Nơi sản xuất,saengsanji,location,basic,,
생선,Cá,saengseon,food,basic,,
생일,Sinh nhật,saengil,time,basic,,
샤워하다,Tắm vòi hoa sen,syawohada,action,basic,,
샴푸,Dầu gội đầu,syampu,housing,basic,,
서두르다,"Vội vàng, nhanh chóng",seodureuda,action,basic,,
서류,Tài liệu,seoryu,workplace,basic,,
서류함,Hộp đựng tài liệu,seoryuham,workplace,basic,,
서점,Hiệu sách,seojeom,location,basic,,
서투르다,"Vụng về, lạ lẫm",seotureuda,adjective,basic,,
석유,"Dầu hoả, dầu mỏ",seogyu,safety,basic,,
선글라스,Kính râm,seongeulraseu,action,basic,,
선물,Quà tặng,seonmul,action,basic,,
선풍기,Quạt,seonpunggi,housing,basic,,
설거지하다,Rửa bát,seolgeojihada,action,basic,,
설날,Tết Hàn Quốc (Seollal),seolnal,culture,basic,,
설명하다,Giải thích,seolmyeonghada,action,basic,,
성격,Tính cách,seonggyeok,action,basic,,
세금,Thuế,segeum,action,basic,,
세숫대야,Chậu rửa mặt,sesutdaeya,housing,basic,,
세우다,"Đỗ, đậu xe",seuda,transport,basic,,
세제,"Bột giặt, nước giặt",seje,housing,basic,,
세차하다,Rửa xe,sechahada,transport,basic,,
세탁기,Máy giặt,setakgi,housing,basic,,
셔츠,Áo sơ mi,syeocheu,action,basic,,
소개하다,Giới thiệu,sogaehada,action,basic,,
소금,Muối,sogeum,food,basic,,
소독하다,"Khử trùng, tẩy trùng",sodokhada,action,basic,,
소리지르다,La hét,sorijireuda,action,basic,,
소방서,Trạm cứu hoả,sobangseo,location,basic,,
소장,"Người quản lý, tổ trưởng",sojang,workplace,basic,,
소주,Rượu soju,soju,food,basic,,
소포,Bưu phẩm,sopo,action,basic,,
소화기,Bình chữa cháy,sohwagi,safety,basic,,
소화제,Thuốc tiêu hoá,sohwaje,hospital,basic,,
손님,"Khách, khách hàng",sonnim,shopping,basic,,
손수레,"Xe đẩy, xe chở hàng",sonsure,transport,basic,,
손잡기,"Nắm tay, kéo tay",sonjapgi,action,basic,,
손잡이,"Tay cầm, tay nắm",sonjabi,action,basic,,
손전등,Đèn pin,sonjeondeung,action,basic,,
송금하다,Gửi tiền,songgeumhada,shopping,basic,,
송이,Bông (hoa),songi,adjective,basic,,
수건,Khăn mặt,sugeon,housing,basic,,
수리하다,Sửa chữa,surihada,action,basic,,
수박,Dưa hấu,subak,food,basic,,
수선하다,Sửa chữa,suseonhada,action,basic,,
수세미,Giẻ rửa bát,susemi,housing,basic,,
수술하다,Phẫu thuật,susulhada,hospital,basic,,
수영장,Bể bơi,suyeongjang,sports,basic,,
수영하다,Bơi,suyeonghada,sports,basic,,
수요일,Thứ 4,suyoil,time,basic,,
수저,"Thìa, đũa",sujeo,housing,basic,,
표,Ngân phiếu,pyo,shopping,basic,,
숙박하다,"Nghỉ trọ, lưu trú",sukbakhada,action,basic,,
순두부,Đậu phụ non,sundubu,food,basic,,
숟가락,Cái thìa,sutgarak,housing,basic,,
쉬다,Nghỉ ngơi,swida,action,basic,,
쉽다,Dễ,swipda,adjective,basic,,
스웨터,Áo len dài tay,seuweteo,action,basic,,
스위치,Công tắc điện,seuwichi,housing,basic,,
스패너,"Cờ lê, mỏ lết",seupaeneo,action,basic,,
슬프다,Buồn,seulpeuda,emotion,basic,,
습기,Hơi ẩm,seupgi,weather,basic,,
승강금지,Cấm trèo leo,seungganggeumji,safety,basic,,
승강기,Thang máy,seungganggi,housing,basic,,
시간,"Thời gian, tiếng",sigan,time,basic,,
시너,"Chất lỏng, dung dịch",sineo,safety,basic,,
시다,Chua,sida,food,basic,,
시속,Tốc độ km/h,sisok,transport,basic,,
시원하다,Mát mẻ,siwonhada,weather,basic,,
시장,Chợ,sijang,shopping,basic,,
시키다,"Yêu cầu, gọi đồ",sikida,action,basic,,
시합,Trận đấu,sihap,sports,basic,,
식당,"Nhà ăn, nhà hàng",sikdang,location,basic,,
식물,Thực vật,singmul,action,basic,,
식사하다,Ăn uống,siksahada,food,basic,,
신다,"Đi (giày, dép)",sinda,action,basic,,
신문,Tờ báo,sinmun,action,basic,,
신발,"Giày, dép",sinbal,action,basic,,
신분증,Chứng minh thư,sinbunjeung,law,basic,,
신용카드,"Thẻ tín dụng, thẻ VISA",sinyongkadeu,shopping,basic,,
신입사원,Nhân viên mới,sinipsawon,workplace,basic,,
신청서,"Đơn đăng ký, đơn yêu cầu",sincheongseo,workplace,basic,,
신호등,Đèn tín hiệu giao thông,sinhodeung,transport,basic,,
싫어하다,Ghét,sileohada,emotion,basic,,
심각하다,Nghiêm trọng,simgakhada,adjective,basic,,
심다,Trồng,simda,action,basic,,
심심하다,"Buồn tẻ, nhàn rỗi",simsimhada,emotion,basic,,
싱겁다,Nhạt,singgeopda,adjective,basic,,
싸다,Rẻ,ssada,adjective,basic,,
썩다,Sâu (răng),sseokda,body,basic,,
쓰다,Viết / Dùng,sseuda,action,basic,,
쓰레기,Rác,sseuregi,action,basic,,
쓰레기통,Thùng rác,sseuregitong,housing,basic,,
쓸다,Quét,sseulda,action,basic,,
끄다,Ra,kkeoda,action,basic,,
아가씨,Cô gái (chưa có chồng),agassi,family,basic,,
아까,Vừa nãy,akka,time,basic,,
아들,Con trai,adeul,family,basic,,
아래,Phía dưới,arae,direction,basic,,
아버지,Bố,abeoji,family,basic,,
아빠,Ba,appa,family,basic,,
아이,"Trẻ em, đứa trẻ",ai,family,basic,,
아저씨,Chú,ajeossi,family,basic,,
아주머니,"Cô, bác (gọi phụ nữ đã kết hôn)",ajumeoni,family,basic,,
아줌마,"Cô, bác (gọi phụ nữ đã kết hôn)",ajumma,family,basic,,
아직,Vẫn chưa,ajik,time,basic,,
아침,Buổi sáng,achim,time,basic,,
아프다,Đau,apeuda,hospital,basic,,
안개,Sương mù,angae,weather,basic,,
안경,Kính,angyeong,action,basic,,
안과,Khoa mắt,angwa,hospital,basic,,
안내소,Nơi hướng dẫn,annaeso,location,basic,,
안다,Ôm,anda,action,basic,,
안전수칙,Quy tắc an toàn,anjeonsuchik,safety,basic,,
안전대,Dây an toàn,anjeondae,safety,basic,,
안전띠,Dây an toàn,anjeontti,safety,basic,,
안전망,Lưới an toàn,anjeonmang,safety,basic,,
안전선,Vạch an toàn,anjeonseon,safety,basic,,
안전장갑,Găng tay bảo hộ,anjeonjanggap,safety,basic,,
안전화,Giày bảo hộ,anjeonhwa,safety,basic,,
앉다,Ngồi,anda,action,basic,,
알다,Biết,alda,action,basic,,
액세서리,"Phụ kiện, đồ trang sức",aekseseori,shopping,basic,,
야근하다,Làm đêm,yageunhada,workplace,basic,,
야채,Rau,yachae,food,basic,,
약국,Nhà thuốc,yakguk,hospital,basic,,
약사,Dược sỹ,yaksa,workplace,basic,,
약품,Dược phẩm,yakpum,hospital,basic,,
양계장,Trại nuôi gà,yanggyejang,location,basic,,
양말,Tất,yangmal,action,basic,,
양복,"Âu phục, com lê",yangbok,action,basic,,
어깨,Vai,eokkae,body,basic,,
어둡다,Tối,eodupda,adjective,basic,,
어디,Ở đâu,eodi,action,basic,,
어떤,Như thế nào?,eotteon,action,basic,,
어떻게,Như thế nào?,eotteotge,action,basic,,
어렵다,Khó,eoryeopda,adjective,basic,,
어린이,Trẻ em,eorini,family,basic,,
어머니,Mẹ,eomeoni,family,basic,,
어제,Hôm qua,eoje,time,basic,,
언니,Chị (em gái gọi),eonni,family,basic,,
언제,Khi nào? Bao giờ?,eonje,time,basic,,
언제든지,Bất cứ khi nào,eonjedeunji,time,basic,,
얼굴,Khuôn mặt,eolgul,body,basic,,
얼마,Bao nhiêu?,eolma,shopping,basic,,
엄금,Nghiêm cấm,eomgeum,safety,basic,,
엄마,Mẹ,eomma,family,basic,,
없애다,Loại bỏ,eobsaeda,action,basic,,
엎드리다,Nằm sấp,eopdeurida,action,basic,,
에스컬레이터,Thang cuốn,eseukeolreiteo,housing,basic,,
에어컨,Điều hoà,eeokeon,housing,basic,,
엘리베이터,Thang máy,elribeiteo,housing,basic,,
여권,Hộ chiếu,yeogwon,law,basic,,
여동생,Em gái,yeodongsaeng,family,basic,,
여름,Mùa hè,yeoreum,time,basic,,
여자,"Con gái, cô gái",yeoja,family,basic,,
여자친구,Bạn gái,yeojachingu,family,basic,,
여행사,Công ty du lịch,yeohaengsa,workplace,basic,,
여행하다,Đi du lịch,yeohaenghada,action,basic,,
연락처,Số liên lạc,yeonrakcheo,number,basic,,
연말,Cuối năm,yeonmal,time,basic,,
연장하다,Gia hạn,yeonjanghada,action,basic,,
연필,Bút chì,yeonpil,action,basic,,
열다,Mở,yeolda,action,basic,,
열쇠,Chìa khoá,yeolsoe,housing,basic,,
열심히,Chăm chỉ,yeolsimhi,adjective,basic,,
열이나다,Bị sốt,yeorinada,hospital,basic,,
열차,Xe lửa,yeolcha,transport,basic,,
염려,"Lo lắng, âu lo",yeomryeo,emotion,basic,,
영상,Trên 0 độ,yeongsang,weather,basic,,
영수증,Hóa đơn / Biên lai,yeongsujeung,shopping,basic,,
영하,Dưới 0 độ,yeongha,weather,basic,,
영화,Phim,yeonghwa,action,basic,,
예매하다,Đặt trước,yemaehada,action,basic,,
예방하다,"Dự phòng, phòng tránh",yebanghada,hospital,basic,,
예쁘다,Xinh đẹp,yeppeuda,adjective,basic,,
예약실,Phòng đặt trước,yeyaksil,housing,basic,,
예약하다,Đặt trước,yeyakhada,action,basic,,
오늘,Hôm nay,oneul,time,basic,,
오다,Đến,oda,action,basic,,
오른쪽,Bên phải,oreunjjok,direction,basic,,
오빠,Anh (em gái gọi),oppa,family,basic,,
오전,Buổi sáng,ojeon,time,basic,,
오줌,Nước tiểu,ojum,body,basic,,
오후,Buổi chiều (PM),ohu,time,basic,,
올라가다,Đi lên,olragada,action,basic,,
옮기다,Di chuyển,omgida,action,basic,,
옷걸이,Cái mắc áo,otgeori,housing,basic,,
옷장,Tủ quần áo,otjang,housing,basic,,
와이셔츠,Áo sơ mi,waisyeocheu,action,basic,,
왕복,Khứ hồi,wangbok,transport,basic,,
외과,Khoa ngoại,oegwa,hospital,basic,,
외국사람,Người nước ngoài,oeguksaram,family,basic,,
외국인등록증,Thẻ người nước ngoài,oegugindeungrokjeung,law,basic,,
외양간,Chuồng gia súc,oeyanggan,housing,basic,,
왼쪽,Bên trái,oenjjok,direction,basic,,
요금,Phí,yogeum,shopping,basic,,
용접,Hàn xì,yongjeop,workplace,basic,,
우리,"Chúng ta, chúng tôi",uri,action,basic,,
우산,Cái ô,usan,action,basic,,
우체국,Bưu điện,ucheguk,location,basic,,
우체통,Hòm thư,uchetong,housing,basic,,
우표,Tem,upyo,action,basic,,
우회전,Rẽ phải,uhoejeon,transport,basic,,
운동장,Sân vận động,undongjang,sports,basic,,
운동하다,Tập thể thao,undonghada,sports,basic,,
운동화,Giày thể thao,undonghwa,sports,basic,,
운반하다,Vận chuyển,unbanhada,action,basic,,
운전면허증,Bằng lái xe,unjeonmyeonheojeung,transport,basic,,
운전하다,Lái xe,unjeonhada,transport,basic,,
울다,Khóc,ulda,action,basic,,
웃다,Cười,utda,action,basic,,
월요일,Thứ 2,woryoil,time,basic,,
위,Phía trên,wi,direction,basic,,
위험하다,Nguy hiểm,wiheomhada,safety,basic,,
유기용제,Dung môi hữu cơ,yugiyongje,safety,basic,,
유리창,Cửa sổ bằng kính,yurichang,housing,basic,,
유턴,Biển báo được phép quay đầu xe,yuteon,transport,basic,,
의사,Bác sĩ,uisa,hospital,basic,,
의자,Cái ghế,uija,housing,basic,,
이따가,Lát nữa,ittaga,time,basic,,
이름,Tên,ireum,action,basic,,
이불,Cái chăn,ibul,housing,basic,,
이사하다,Chuyển nhà,isahada,housing,basic,,
이상,Trên (không dưới),isang,direction,basic,,
이야기하다,Nói chuyện,iyagihada,action,basic,,
이틀,2 ngày,iteul,time,basic,,
이하,Dưới (không hơn),iha,direction,basic,,
익숙하다,Quen thuộc,iksukhada,adjective,basic,,
인분,Suất ăn,inbun,food,basic,,
인사하다,Chào hỏi,insahada,greeting,basic,,
인상하다,Tăng lương,insanghada,workplace,basic,,
인화성,Dễ cháy,inhwaseong,safety,basic,,
일하다,Làm việc,ilhada,workplace,basic,,
일어나다,"Thức dậy, đứng dậy",ireonada,action,basic,,
일요일,Chủ nhật,iryoil,time,basic,,
일찍,Sớm,iljjik,time,basic,,
읽다,Đọc,ikda,action,basic,,
잃어버리다,Mất,ileobeorida,action,basic,,
임금,Lương,imgeum,workplace,basic,,
입다,Mặc,ipda,action,basic,,
있다,Có,itda,action,basic,,
자,Cái thước,ja,action,basic,,
자동인출기,Máy rút tiền ATM,jadonginchulgi,shopping,basic,,
자동차,Ô tô,jadongcha,transport,basic,,
자동판매기,Máy bán hàng tự động,jadongpanmaegi,shopping,basic,,
자라다,"Lớn lên, trưởng thành",jarada,action,basic,,
자르다,Cắt,jareuda,action,basic,,
자전거,Xe đạp,jajeongeo,transport,basic,,
자주,Thường xuyên,jaju,time,basic,,
작년,Năm ngoái,jangnyeon,time,basic,,
작다,Nhỏ,jakda,adjective,basic,,
작업장,Nơi làm việc,jageopjang,workplace,basic,,
잘못되다,"Bị nhầm, bị sai",jalmotdoeda,action,basic,,
잠을자다,Ngủ,jameuljada,action,basic,,
잡수시다,Ăn (kính ngữ),japsusida,greeting,basic,,
잡초,Cỏ dại,japcho,action,basic,,
장갑,Găng tay,janggap,safety,basic,,
장도리,Cái búa nhổ đinh,jangdori,action,basic,,
장마철,Mùa mưa,jangmacheol,time,basic,,
장소,Địa điểm,jangso,location,basic,,
재료,Nguyên liệu,jaeryo,action,basic,,
재미없다,"Chán ngắt, không hay",jaemieopda,emotion,basic,,
재미있다,"Hay, thú vị",jaemiitda,emotion,basic,,
재봉,Máy khâu,jaebong,action,basic,,
재해,Tai nạn,jaehae,emergency,basic,,
재활용,Tái sử dụng,jaehwaryong,action,basic,,
쟁반,Cái mâm,jaengban,housing,basic,,
저금하다,Gửi tiền tiết kiệm,jeogeumhada,shopping,basic,,
저녁,"Buổi tối, bữa tối",jeonyeok,time,basic,,
저온,Nhiệt độ thấp,jeoon,adjective,basic,,
저온경고,Cảnh báo nhiệt độ thấp,jeoongyeonggo,safety,basic,,
저울,Cái cân,jeoul,action,basic,,
저절로,Tự động,jeojeolro,action,basic,,
전기드릴,Cái khoan điện,jeongideuril,action,basic,,
전기밥솥,Nồi cơm điện,jeongibapsot,housing,basic,,
전방,Phía trước,jeonbang,direction,basic,,
전선,Dây điện,jeonseon,action,basic,,
전염성,Có tính truyền nhiễm,jeonyeomseong,hospital,basic,,
전자사전,Từ điển điện tử,jeonjasajeon,action,basic,,
전자우편,Thư điện tử,jeonjaupyeon,action,basic,,
전자저울,Cân điện tử,jeonjajeoul,action,basic,,
전통,Truyền thống,jeontong,culture,basic,,
전혀,Hoàn toàn không,jeonhyeo,action,basic,,
전화기,Máy điện thoại,jeonhwagi,action,basic,,
절단기,Máy cắt,jeoldangi,action,basic,,
절대,Tuyệt đối,jeoldae,action,basic,,
절대로,Tuyệt đối,jeoldaero,action,basic,,
젊다,Trẻ,jeomda,adjective,basic,,
점심,"Buổi trưa, bữa trưa",jeomsim,food,basic,,
접근금지구역,Cấm đến gần,jeopgeungeumjiguyeok,safety,basic,,
접시,Đĩa,jeopsi,housing,basic,,
젓가락,Đũa,jeotgarak,food,basic,,
정거장,"Bến xe, ga",jeonggeojang,transport,basic,,
정도,Khoảng,jeongdo,number,basic,,
정리정돈,"Dọn dẹp, làm gọn gàng",jeongrijeongdon,action,basic,,
정지하다,Dừng lại,jeongjihada,action,basic,,
젖다,Ướt,jeotda,adjective,basic,,
제일,Nhất,jeil,adjective,basic,,
제자리,Vị trí thích hợp,jejari,location,basic,,
제품,Sản phẩm,jepum,shopping,basic,,
제한,Hạn chế,jehan,action,basic,,
조심하다,Cẩn thận,josimhada,action,basic,,
조용하다,Yên tĩnh,joyonghada,adjective,basic,,
조치,"Biện pháp, xử lý",jochi,action,basic,,
졸다,Ngủ gật,jolda,action,basic,,
졸리다,Buồn ngủ,jolrida,emotion,basic,,
좁다,"Chật, hẹp",jopda,adjective,basic,,
종이,Tờ giấy,jongi,action,basic,,
좋다,"Tốt, đẹp",jotda,adjective,basic,,
좋아하다,Thích,joahada,emotion,basic,,
좌회전,Rẽ trái,jwahoejeon,transport,basic,,
주말,Cuối tuần,jumal,time,basic,,
주머니,Túi,jumeoni,action,basic,,
주무시다,Ngủ (kính ngữ),jumusida,greeting,basic,,
주문하다,"Đặt hàng, gọi đồ ăn",jumunhada,food,basic,,
주사맞다,Tiêm,jusamatda,hospital,basic,,
주소,Địa chỉ,juso,location,basic,,
주유소,Trạm xăng,juyuso,transport,basic,,
주전자,Ấm đun nước,jujeonja,housing,basic,,
주차장,Bãi đỗ xe,juchajang,transport,basic,,
죽다,Chết,jukda,action,basic,,
준비하다,Chuẩn bị,junbihada,action,basic,,
줄을서다,Xếp hàng,jureulseoda,action,basic,,
줄이다,Giảm,jurida,action,basic,,
줄자,Thước dây,julja,action,basic,,
줍다,Nhặt,jupda,action,basic,,
중고,"Đồ cũ, đồ dùng lại",junggo,shopping,basic,,
중요하다,Quan trọng,jungyohada,adjective,basic,,
지갑,Cái ví,jigap,shopping,basic,,
지게차,Xe nâng,jigecha,transport,basic,,
지금,Bây giờ,jigeum,time,basic,,
지나다니다,Đi qua lại,jinadanida,action,basic,,
지능,Trí tuệ,jineung,action,basic,,
지도,Bản đồ,jido,action,basic,,
지역,Khu vực,jiyeok,location,basic,,
지우개,Cục tẩy,jiugae,action,basic,,
지키다,Giữ,jikida,action,basic,,
지하,"Hầm ngầm, dưới lòng đất",jiha,location,basic,,
지하철,Tàu điện ngầm,jihacheol,transport,basic,,
직업,Nghề nghiệp,jigeop,workplace,basic,,
직원,Nhân viên,jigwon,workplace,basic,,
진찰을받다,Được chẩn đoán,jinchareulbatda,hospital,basic,,
짐,Hành lý,jim,action,basic,,
집,Ngôi nhà,jip,housing,basic,,
집게,"Cái nhíp, cái để gắp",jipge,action,basic,,
짓다,Xây nhà,jitda,action,basic,,
짜다,"Mặn, vắt nước",jjada,food,basic,,
찢다,Xé rách,jjitda,action,basic,,
찌꺼기,"Cặn, chất thừa",jjikkeogi,action,basic,,
차갑다,Lạnh (đồ ăn),chagapda,food,basic,,
차단,"Gián đoạn, ngăn chặn",chadan,safety,basic,,
차량통행,Xe cộ lưu thông,charyangtonghaeng,transport,basic,,
차림표,Bảng thực đơn,charimpyo,food,basic,,
창문,Cửa sổ,changmun,housing,basic,,
채소,Rau,chaeso,food,basic,,
책꽂이,Giá sách,chaekkkoji,housing,basic,,
책상,Cái bàn,chaeksang,housing,basic,,
책장,"Giá sách, kệ sách",chaekjang,housing,basic,,
처럼,Giống như,cheoreom,action,basic,,
처방전,Đơn thuốc,cheobangjeon,hospital,basic,,
철저,"Triệt để, kỹ càng",cheoljeo,adjective,basic,,
첫번째,Lần thứ nhất,cheotbeonjjae,number,basic,,
청소기,Máy hút bụi,cheongsogi,housing,basic,,
청소하다,Dọn vệ sinh,cheongsohada,action,basic,,
체중계,Cân sức khoẻ,chejunggye,housing,basic,,
초대하다,Mời,chodaehada,action,basic,,
최근에,Gần đây,choegeune,time,basic,,
추락,"Rơi, ngã",churak,safety,basic,,
축사,Chuồng gia súc,chuksa,housing,basic,,
출근하다,Đi làm,chulgeunhada,workplace,basic,,
출발하다,Xuất phát,chulbalhada,transport,basic,,
출입금지,Cấm ra vào,churipgeumji,safety,basic,,
출입문,Cửa ra vào,churimmun,housing,basic,,
춥다,Lạnh,chupda,weather,basic,,
취미,Sở thích,chwimi,action,basic,,
취소,Huỷ bỏ,chwiso,action,basic,,
취직하다,Xin việc,chwijikhada,workplace,basic,,
치과,"Khoa răng, nha khoa",chigwa,hospital,basic,,
치마,Cái váy,chima,action,basic,,
치약,Thuốc đánh răng,chiyak,body,basic,,
친구,Bạn bè,chingu,family,basic,,
친절하다,"Thân thiện, tử tế",chinjeolhada,adjective,basic,,
침대,Giường,chimdae,housing,basic,,
칫솔,Bàn chải đánh răng,chitsol,body,basic,,
카드,Thẻ (thanh toán),kadeu,shopping,basic,,
카메라,Máy ảnh,kamera,action,basic,,
칼국수,Mỳ kalguksu (mỳ dao Hàn Quốc),kalguksu,food,basic,,
캐다,Đào bới,kaeda,action,basic,,
커피,Cà phê,keopi,food,basic,,
컨베이어,"Băng tải, băng chuyền",keonbeieo,action,basic,,
컴퓨터,Máy vi tính,keompyuteo,action,basic,,
켜다,Bật lên,kyeoda,action,basic,,
콘센트,Ổ cắm điện,konsenteu,housing,basic,,
크다,To / Lớn,keuda,adjective,basic,,
키우다,"Nuôi nấng, dạy dỗ",kiuda,action,basic,,
탁구를치다,Chơi bóng bàn,takgureulchida,sports,basic,,
택배하다,Giao hàng,taekbaehada,action,basic,,
탁자,Cái bàn,takja,housing,basic,,
탈의실,Phòng thay đồ,taruisil,housing,basic,,
탑승하다,"Lên (tàu, xe)",tapseunghada,transport,basic,,
택시,Taxi,taeksi,transport,basic,,
토요일,Thứ 7,toyoil,time,basic,,
통로,"Lối đi, đường thông",tongro,location,basic,,
통장,Sổ ngân hàng,tongjang,shopping,basic,,
통화중,Đang gọi điện (máy bận),tonghwajung,action,basic,,
퇴근하다,"Tan sở, nghỉ làm",toegeunhada,workplace,basic,,
튀다,"Bắn, vấy",twida,action,basic,,
트럭,Xe tải,teureok,transport,basic,,
틀리다,"Sai, nhầm",teulrida,adjective,basic,,
틈새,Khe hở,teumsae,action,basic,,
티셔츠,Áo phông,tisyeocheu,action,basic,,
파손하다,"Hỏng hóc, tổn thất",pasonhada,action,basic,,
팔다,Bán,palda,shopping,basic,,
페인트,Sơn,peinteu,action,basic,,
페인트칠하다,Sơn (động từ),peinteuchilhada,action,basic,,
편도,Một chiều,pyeondo,transport,basic,,
편리하다,Tiện lợi,pyeonrihada,adjective,basic,,
편의점,Cửa hàng tiện lợi,pyeonuijeom,shopping,basic,,
편하다,"Tiện lợi, thoải mái",pyeonhada,adjective,basic,,
폐문,Đóng cửa,pyemun,action,basic,,
포도,Nho,podo,food,basic,,
포장하다,Đóng gói,pojanghada,action,basic,,
폭발,Nổ,pokbal,safety,basic,,
폭발물,Chất gây nổ,pokbalmul,safety,basic,,
폭,Chiều rộng,pok,number,basic,,
표지,Tấm bảng,pyoji,action,basic,,
표지판,Biển báo,pyojipan,location,basic,,
프레스기,Máy dập,peureseugi,action,basic,,
플러그,Phích cắm,peulreogeu,action,basic,,
피곤하다,Mệt mỏi,pigonhada,emotion,basic,,
피우다,Hút (thuốc),piuda,action,basic,,
피하다,Tránh,pihada,action,basic,,
필요하다,Cần thiết,piryohada,adjective,basic,,
하루,1 ngày,haru,time,basic,,
학생,Học sinh,haksaeng,family,basic,,
학생증,Thẻ học sinh,haksaengjeung,law,basic,,
한가하다,Rảnh rỗi,hangahada,adjective,basic,,
할머니,Bà,halmeoni,family,basic,,
할아버지,Ông,harabeoji,family,basic,,
항공권,Vé máy bay,hanggonggwon,transport,basic,,
항구,Bến cảng,hanggu,transport,basic,,
항상,Luôn luôn,hangsang,time,basic,,
해롭다,Có hại,haeropda,adjective,basic,,
허리,"Eo, lưng",heori,body,basic,,
형제,Anh em,hyeongje,family,basic,,
호스,Ống,hoseu,action,basic,,
혼자,Một mình,honja,action,basic,,
홍차,Hồng trà,hongcha,food,basic,,
화가나다,"Giận dữ, tức giận",hwaganada,emotion,basic,,
화기,"Hoả khí, lửa",hwagi,safety,basic,,
화요일,Thứ 3,hwayoil,time,basic,,
화장실,Nhà vệ sinh,hwajangsil,housing,basic,,
화재,Hoả hoạn,hwajae,emergency,basic,,
확인하다,Kiểm tra / Xác nhận,hwaginhada,action,basic,,
환경오염,Ô nhiễm môi trường,hwangyeongoyeom,safety,basic,,
환불하다,Trả lại (tiền),hwanbulhada,shopping,basic,,
회사,Công ty,hoesa,workplace,basic,,
회사통근버스,Xe buýt đưa đón nhân viên,hoesatonggeunbeoseu,workplace,basic,,
회의,Cuộc họp,hoeui,workplace,basic,,
회의실,Phòng họp,hoeuisil,workplace,basic,,
횡단금지,Cấm đi bộ qua đường,hoengdangeumji,safety,basic,,
후식,Món tráng miệng,husik,food,basic,,
훨씬,Hơn nhiều,hwolssin,action,basic,,
휘발유,Xăng,hwibaryu,transport,basic,,
휴게실,Phòng nghỉ,hyugesil,housing,basic,,
휴지,Giấy vệ sinh,hyuji,housing,basic,,
흐르다,Chảy,heureuda,action,basic,,
흐리다,U ám,heurida,weather,basic,,
흡연,Hút thuốc,heubyeon,action,basic,,
흡연금지,Cấm hút thuốc,heubyeongeumji,safety,basic,,
흡연실,Phòng hút thuốc,heubyeonsil,housing,basic,,
힘들다,Vất vả / Khó khăn,himdeulda,adjective,basic,,
